{"ALEUTIANS EAST": [9, 0.0], "KENAI PENINSULA": [13, 0.14227777777777778], "YUKON KOYUKUK": [2, 0.5574], "MATANUSKA SUSITNA": [101, 0.03161162790697675], "NOME": [2, 0.34], "FAIRBANKS NORTH STAR": [72, 0.14951250000000002], "DENALI": [101, 0.0068210526315789196], "JUNEAU": [15, 0.09782307692307693], "HOONAH ANGOON": [2, 0.9231], "HAINES": [2, -0.5994], "PETERSBURG": [2, -0.2183], "SITKA": [2, 0.0772], "PRINCE OF WALES HYDER": [10, -0.03826666666666668]}