{"BETHEL": [2, 0.0], "MATANUSKA SUSITNA": [38, 0.0024200336700336044], "FAIRBANKS NORTH STAR": [5, 0.461111111111111]}