{"LOS ANGELES": [101, -0.02013411764705883], "ORANGE": [101, 0.11819104477611943], "VENTURA": [59, 0.02843863636363637], "SAN BERNARDINO": [101, 0.03825833333333333], "SAN DIEGO": [101, 0.029301538461538455], "IMPERIAL": [10, -0.08298333333333334], "INYO": [8, 0.0], "SANTA BARBARA": [68, 0.2992086956521739], "TULARE": [11, 0.2255], "KERN": [36, 0.038744999999999995], "FRESNO": [96, -0.01250243902439024], "SAN LUIS OBISPO": [52, -0.11547272727272725], "MONTEREY": [2, 0.0], "MERCED": [15, 0.1276], "MARIPOSA": [4, 0.0], "SAN MATEO": [99, 0.00691290322580645], "SANTA CLARA": [101, 0.1645568965517242], "SAN FRANCISCO": [101, 0.10338360655737706], "SACRAMENTO": [101, 0.018973239436619722], "ALAMEDA": [30, 0.06843076923076921], "NAPA": [48, -0.06656470588235296], "CONTRA COSTA": [36, 0.06745500000000001], "SOLANO": [30, 0.44394999999999996], "MARIN": [32, -0.12314117647058825], "SONOMA": [32, -0.12688750000000001], "SANTA CRUZ": [30, -0.08988571428571428], "SAN JOAQUIN": [20, 0.041570588235294116], "CALAVERAS": [14, 0.001533333333333331], "TUOLUMNE": [8, -0.5719], "STANISLAUS": [18, 0.22688000000000003], "MENDOCINO": [4, -0.11456666666666666], "LAKE": [2, 0.4767], "HUMBOLDT": [4, 0.20796666666666666], "SISKIYOU": [16, 0.16335], "AMADOR": [9, 0.0], "PLACER": [4, 0.10606666666666666], "YOLO": [22, 0.13396666666666665], "EL DORADO": [14, -0.05036666666666667], "SUTTER": [2, 0.0], "BUTTE": [17, 0.31475000000000003], "PLUMAS": [2, 0.0], "SHASTA": [2, 0.0], "TEHAMA": [4, -0.7003]}