{"LOS ANGELES": [37, 0.129430303030303], "ORANGE": [7, 0.0], "SAN BERNARDINO": [50, 0.2784363636363636], "SAN DIEGO": [11, 0.08838571428571429], "SANTA BARBARA": [2, 0.0772], "KERN": [2, 0.4019], "FRESNO": [15, 0.15834285714285717], "SAN LUIS OBISPO": [6, 0.3968000000000001], "SAN MATEO": [5, 0.3014], "SANTA CLARA": [7, 0.0], "SAN FRANCISCO": [20, 0.18783333333333335], "SACRAMENTO": [2, 0.2023], "NAPA": [2, 0.1045]}