{"LOS ANGELES": [263, 0.05757514450867054], "SAN FRANCISCO": [85, 0.2453196721311475], "VENTURA": [8, -0.10436666666666666], "SONOMA": [8, 0.7150000000000001], "PLACER": [2, 0.4574], "SACRAMENTO": [21, -0.03438666666666667], "ORANGE": [24, 0.0017761904761904735], "SAN LUIS OBISPO": [4, 0.011099999999999999], "SANTA BARBARA": [5, -0.0172], "SAN JOAQUIN": [2, -0.7149], "SAN MATEO": [19, 0.1033611111111111], "SOLANO": [2, 0.0], "FRESNO": [5, -0.31356666666666666], "SHASTA": [2, 0.0], "TEHAMA": [2, -0.3182], "SUTTER": [2, -0.1189], "MARIN": [4, 0.2643666666666667], "RIVERSIDE": [301, 0.09108956043956043], "SAN DIEGO": [56, 0.004988888888888898], "NAPA": [13, -0.296], "STANISLAUS": [2, 0.0772], "MERCED": [2, 0.0], "ALAMEDA": [6, 0.7964], "SANTA CRUZ": [3, 0.3938], "SISKIYOU": [2, 0.0], "CONTRA COSTA": [2, 0.0], "SAN BERNARDINO": [301, -0.17614999999999997], "KERN": [2, 0.2023], "SANTA CLARA": [29, -0.11867857142857144], "IMPERIAL": [4, 0.08895], "BUTTE": [3, -0.2997]}