{"LOS ANGELES": [31, 0.06605217391304347], "SAN BERNARDINO": [34, 0.12040000000000001], "SAN DIEGO": [11, 0.1403125], "SANTA BARBARA": [2, 0.7003], "SANTA CLARA": [2, -0.6249], "SAN FRANCISCO": [8, -0.07201428571428574], "SACRAMENTO": [5, -0.04003333333333333], "ALAMEDA": [2, 0.0], "SAN JOAQUIN": [2, 0.4051], "PLACER": [3, 0.0129]}