{"JEFFERSON": [3, 0.0], "BOULDER": [11, 0.5017166666666667], "DENVER": [12, 0.15615555555555555], "WELD": [2, 0.2406]}