{"BUTLER": [6, 0.10079999999999999], "WASHINGTON": [6, 0.3372], "SAUNDERS": [2, 0.0], "SARPY": [46, 0.23543939393939395], "DOUGLAS": [64, 0.29325862068965514], "CASS": [2, 0.0], "BURT": [3, 0.48630000000000007], "DODGE": [3, 0.21610000000000001], "DAKOTA": [2, -0.765], "THURSTON": [3, 0.24695], "GAGE": [3, 0.42405], "NEMAHA": [6, 0.20383333333333334], "SEWARD": [8, 0.113975], "YORK": [10, 0.18758571428571427], "LANCASTER": [101, 0.1993671641791044], "PAWNEE": [3, 0.0], "SALINE": [10, 0.0827625], "RICHARDSON": [3, 0.3454], "JEFFERSON": [2, 0.508], "FILLMORE": [3, 0.0], "PLATTE": [25, 0.042920000000000014], "ANTELOPE": [2, 0.296], "POLK": [2, 0.5255], "MADISON": [17, 0.03802], "KNOX": [2, -0.3818], "WAYNE": [20, 0.05654], "PIERCE": [2, -0.3716], "HALL": [29, 0.21966666666666668], "BUFFALO": [46, 0.3780523809523809], "CUSTER": [19, 0.27111250000000003], "HAMILTON": [2, 0.0], "GARFIELD": [2, 0.2023], "DAWSON": [8, 0.142975], "ADAMS": [19, 0.19185], "FURNAS": [3, 0.8257], "PHELPS": [3, 0.0], "KEARNEY": [2, -0.1027], "WEBSTER": [2, -0.2924], "RED WILLOW": [2, 0.6249], "HITCHCOCK": [2, 0.0], "LINCOLN": [7, 0.09418333333333334], "KEITH": [2, -0.0859], "PERKINS": [4, 0.0], "DAWES": [11, -0.1637], "SCOTTS BLUFF": [34, 0.19146666666666667]}