{"SUFFOLK": [151, 0.049562500000000016], "NEW YORK": [21, 0.1598466666666667], "RICHMOND": [34, -0.059564000000000006], "BRONX": [136, -0.02285], "WESTCHESTER": [46, -0.02033333333333331], "PUTNAM": [6, -0.44794999999999996], "ROCKLAND": [10, -0.027733333333333332], "ORANGE": [401, 0.08507800000000004], "NASSAU": [78, -0.017498039215686278], "QUEENS": [69, 0.06639838709677419], "KINGS": [401, 0.08408472727272727], "ALBANY": [142, 0.009937499999999998], "SCHENECTADY": [12, -0.09040000000000001], "MONTGOMERY": [2, -0.5423], "GREENE": [8, 0.119175], "COLUMBIA": [3, 0.22475], "SARATOGA": [18, 0.12190000000000002], "FULTON": [3, 0.7184], "WASHINGTON": [7, 0.19868], "OTSEGO": [348, -0.016523371647509576], "HAMILTON": [2, 0.3612], "DELAWARE": [21, 0.14663333333333334], "ULSTER": [33, -0.04364285714285714], "DUTCHESS": [14, 0.35801428571428573], "SULLIVAN": [2, 0.0], "WARREN": [9, -0.12726666666666667], "ESSEX": [3, 0.3578], "CLINTON": [6, 0.0], "FRANKLIN": [2, -0.347], "SAINT LAWRENCE": [6, 0.14049999999999999], "ONONDAGA": [114, 0.07285087719298249], "CAYUGA": [5, 0.0], "OSWEGO": [5, 0.128], "MADISON": [27, 0.0796047619047619], "CORTLAND": [2, -0.6705], "TOMPKINS": [11, -0.17068888888888886], "ONEIDA": [10, -0.0837], "SENECA": [4, -0.21005], "CHENANGO": [72, -0.02469411764705881], "WAYNE": [2, -0.8618], "LEWIS": [5, -0.49460000000000004], "JEFFERSON": [4, 0.2202], "TIOGA": [2, 0.0], "BROOME": [156, 0.03385789473684211], "ERIE": [199, 0.09305102040816335], "GENESEE": [4, -0.3083], "NIAGARA": [7, 0.21981666666666666], "ALLEGANY": [2, -0.5859], "CATTARAUGUS": [9, 0.38165], "CHAUTAUQUA": [10, 0.027280000000000006], "ORLEANS": [2, -0.5267], "MONROE": [116, 0.0392673469387755], "ONTARIO": [103, 0.11330769230769232], "STEUBEN": [4, -0.3062], "CHEMUNG": [7, 0.004580000000000006]}