{"SUFFOLK": [6, -0.07333333333333333], "RICHMOND": [23, -0.10833333333333332], "BRONX": [9, 0.048809523809523844], "WESTCHESTER": [4, 1.1166666666666667], "ROCKLAND": [2, 1.1166666666666667], "ORANGE": [75, 3.019088730975523], "NASSAU": [3, 4.759411976911977], "QUEENS": [9, 4.815977633477634], "KINGS": [62, 6.981879240735625], "ALBANY": [9, 10.938112373737376], "FULTON": [2, 11.332782287157288], "OTSEGO": [16, 10.902879412254414], "ULSTER": [5, 10.957479256854258], "DUTCHESS": [4, 12.042895923520923], "CLINTON": [3, 12.144979256854256], "SAINT LAWRENCE": [4, 12.534979256854257], "ONONDAGA": [3, 13.174979256854256], "MADISON": [2, 13.949979256854256], "TOMPKINS": [2, 13.78331259018759], "CHENANGO": [6, 14.141090367965367], "BROOME": [19, 15.490257034632029], "ERIE": [8, 16.438868145743143], "CATTARAUGUS": [2, 16.426368145743144], "MONROE": [9, 16.178972312409808], "LIVINGSTON": [2, 15.905534812409806], "ONTARIO": [8, 16.279019660894654], "SCHUYLER": [2, 15.875231782106777], "CHEMUNG": [3, 15.875231782106777]}