{"SUFFOLK": [16, 0.08188333333333334], "NEW YORK": [4, 0.07453333333333333], "BRONX": [11, 0.19277777777777777], "WESTCHESTER": [16, 0.06847142857142856], "PUTNAM": [2, 0.8745], "ORANGE": [21, -0.011605555555555548], "NASSAU": [10, 0.3050833333333333], "QUEENS": [10, 0.01662857142857142], "KINGS": [53, 0.11828292682926829], "ALBANY": [101, 0.04274999999999999], "SCHENECTADY": [52, 0.0], "COLUMBIA": [2, 0.5106], "RENSSELAER": [101, 0.0], "SARATOGA": [2, 0.6114], "OTSEGO": [11, -0.05048000000000001], "DELAWARE": [2, 0.8478], "ULSTER": [3, 0.2202], "DUTCHESS": [4, -0.3598666666666667], "FRANKLIN": [4, 0.0], "ONONDAGA": [63, -0.17925681818181818], "CAYUGA": [11, 0.2829666666666667], "MADISON": [20, 0.1724153846153846], "TOMPKINS": [101, 0.13369545454545453], "ONEIDA": [7, -0.46658], "SENECA": [26, 0.20427], "CHENANGO": [9, -0.07741666666666668], "JEFFERSON": [4, -0.07029999999999999], "BROOME": [62, 0.049609523809523805], "ERIE": [40, 0.05198666666666666], "ALLEGANY": [3, -0.1806], "CATTARAUGUS": [6, 0.28535], "CHAUTAUQUA": [3, -0.72805], "MONROE": [38, -0.0622814814814815], "LIVINGSTON": [4, -0.08205000000000001], "YATES": [2, 0.0], "ONTARIO": [2, -0.2411], "SCHUYLER": [4, -0.020433333333333303], "CHEMUNG": [23, 0.03442222222222222]}