{"SUFFOLK": [86, 0.17192291666666668], "NEW YORK": [31, 0.006584210526315792], "RICHMOND": [18, 0.10390588235294117], "BRONX": [12310, 0.053899172185430506], "WESTCHESTER": [251, 0.058591304347826084], "PUTNAM": [31, 0.055775000000000005], "ROCKLAND": [82, 0.11361276595744679], "ORANGE": [383, 0.13151578947368425], "NASSAU": [454, 0.15614254385964915], "QUEENS": [1348, 0.10612365145228211], "KINGS": [6030, 0.08256292458261363], "ALBANY": [456, 0.10028177083333328], "SCHENECTADY": [179, 0.19532162162162156], "MONTGOMERY": [1, 0.0], "COLUMBIA": [4, -0.17795], "RENSSELAER": [239, -0.0345625], "SARATOGA": [18, 0.04672307692307695], "WASHINGTON": [182, -0.03234285714285715], "SCHOHARIE": [1, 0.4404], "OTSEGO": [202, 0.26158013698630134], "DELAWARE": [4, 0.26943333333333336], "ULSTER": [159, 0.10979565217391304], "DUTCHESS": [100, -0.0012222222222222168], "SULLIVAN": [1, 0.4404], "WARREN": [198, -0.22338461538461538], "ESSEX": [3, 0.32606666666666667], "CLINTON": [27, 0.18587272727272727], "FRANKLIN": [1, 0.4404], "SAINT LAWRENCE": [11, 0.27253333333333335], "ONONDAGA": [210, 0.057575], "CAYUGA": [13, -0.11906666666666668], "OSWEGO": [10, 0.10062857142857143], "MADISON": [1310, 0.04985904605263156], "CORTLAND": [2, 0.27225], "TOMPKINS": [217, 0.12383809523809527], "ONEIDA": [77, 0.009693877551020403], "SENECA": [27, 0.06022000000000001], "CHENANGO": [43, 0.17654285714285714], "WAYNE": [2, 0.09855], "LEWIS": [1, -0.5574], "JEFFERSON": [13, 0.1072222222222222], "TIOGA": [1, 0.0], "BROOME": [114, 0.21060606060606063], "ERIE": [329, 0.0925103260869565], "NIAGARA": [3, 0.39786666666666676], "ALLEGANY": [9, 0.34526666666666667], "CATTARAUGUS": [6, -0.0622], "CHAUTAUQUA": [24, 0.07342941176470588], "ORLEANS": [3, -0.15835], "MONROE": [423, 0.2409068421052632], "LIVINGSTON": [4, 0.13815], "YATES": [10, 0.21638000000000002], "ONTARIO": [41, 0.06698888888888889], "STEUBEN": [5, 0.1919], "SCHUYLER": [8, 0.31246], "CHEMUNG": [33, 0.16333333333333336]}