{"SUFFOLK": [10, 0.3398125], "NEW YORK": [13, 0.4854083333333334], "RICHMOND": [31, 0.08661428571428573], "BRONX": [455, 0.02109214285714285], "WESTCHESTER": [4, 0.7266999999999999], "PUTNAM": [5, 0.6797333333333334], "ROCKLAND": [62, 0.06875135135135135], "ORANGE": [75, 0.059122641509433964], "NASSAU": [119, 0.07254848484848486], "QUEENS": [64, 0.13263846153846157], "KINGS": [815, 0.044252927927927926], "ALBANY": [174, 0.03742784810126582], "SCHENECTADY": [30, -0.13601428571428573], "GREENE": [1, 0.7269], "COLUMBIA": [3, 0.3479666666666666], "RENSSELAER": [112, 0.04238823529411764], "SARATOGA": [29, -0.012890000000000002], "FULTON": [1, 0.3111], "WASHINGTON": [19, -0.01066363636363636], "OTSEGO": [17, -0.10210000000000002], "DELAWARE": [3, 0.20095], "ULSTER": [12, 0.22964444444444446], "DUTCHESS": [55, -0.08135625], "WARREN": [20, 0.0375], "CLINTON": [24, -0.11868181818181817], "SAINT LAWRENCE": [6, 0.19290000000000002], "ONONDAGA": [88, -0.10554186046511627], "MADISON": [765, -0.03340247524752474], "CORTLAND": [1, -0.8487], "TOMPKINS": [22, 0.27754375000000003], "ONEIDA": [48, 0.10040714285714285], "SENECA": [11, -0.04065714285714288], "CHENANGO": [5, 0.15814999999999999], "WAYNE": [3, 0.6691666666666666], "LEWIS": [1, -0.6142], "JEFFERSON": [11, 0.12631], "BROOME": [13, 0.21957499999999996], "ERIE": [86, 0.08157959183673469], "WYOMING": [1, 0.8402], "CHAUTAUQUA": [2, -0.022699999999999998], "ORLEANS": [3, 0.482], "MONROE": [243, 0.01178905109489052], "YATES": [1, -0.2023], "ONTARIO": [7, -0.30802000000000007], "SCHUYLER": [2, 0.8225], "CHEMUNG": [14, 0.08372727272727272]}