{"SUFFOLK": [5, 0.459775], "RICHMOND": [5, -0.053000000000000005], "BRONX": [13, -0.08205454545454546], "WESTCHESTER": [5, 0.15116666666666664], "ORANGE": [19, -0.03490555555555555], "NASSAU": [3, -0.47755000000000003], "QUEENS": [19, 0.047052941176470575], "KINGS": [55, 0.03226060606060606], "ALBANY": [9, -0.08125], "OTSEGO": [16, -0.03527857142857142], "SAINT LAWRENCE": [2, 0.4215], "ONONDAGA": [2, -0.7456], "TOMPKINS": [2, 0.4404], "CHENANGO": [5, -0.11669999999999998], "BROOME": [5, 0.324225], "ERIE": [9, -0.13055], "CHAUTAUQUA": [3, 0.09505], "MONROE": [3, 0.252], "ONTARIO": [4, 0.3746666666666667], "CHEMUNG": [2, 0.0]}