{"TRAVIS": [1466, 0.014952997275204358], "SHERMAN": [1, 0.7391], "DALLAS": [2626, -0.018511990407673876], "COLLIN": [73, 0.011615384615384618], "DENTON": [33, 0.07559999999999997], "ROCKWALL": [20, 0.2175], "ELLIS": [1, 0.0], "KAUFMAN": [7, 0.16879999999999998], "HUNT": [1, -0.4939], "CAMP": [2, 0.24735], "TITUS": [1, -0.743], "BOWIE": [15, -0.01611428571428573], "MORRIS": [1, 0.0], "GREGG": [24, 0.019752631578947365], "UPSHUR": [1, -0.3182], "HARRISON": [9, 0.504], "RUSK": [1, -0.5574], "SMITH": [47, -0.127172], "CHEROKEE": [1, -0.2411], "NACOGDOCHES": [20, 0.23707499999999998], "ANDERSON": [4, 0.0], "HOUSTON": [1816, 0.0015718257645968433], "FREESTONE": [1, 0.3885], "ANGELINA": [4, 0.0], "NEWTON": [1, -0.69], "POLK": [22, -0.2432285714285714], "TARRANT": [1965, -0.0003865051903114084], "PARKER": [2, 0.6101], "JOHNSON": [4, -0.0726], "HOOD": [9, 0.0312666666666667], "SOMERVELL": [1, 0.0], "HILL": [1, -0.5994], "CLAY": [64, -0.14399428571428574], "WICHITA": [29, -0.1474391304347826], "ARCHER": [63, -0.8591], "BROWN": [3, -0.3306], "BELL": [18, 0.2914333333333333], "CORYELL": [4, -0.128], "MCLENNAN": [8, -0.19158333333333333], "WILLIAMSON": [14, 0.19305000000000003], "LAMPASAS": [8, 0.07746666666666664], "FALLS": [1, 0.2905], "COLEMAN": [4, 0.3612], "CONCHO": [752, -0.012936713995943186], "TOM GREEN": [884, -0.010123566878980892], "HARRIS": [1860, -0.0026188841201716805], "FORT BEND": [12, 0.0], "MONTGOMERY": [9, 0.1537875], "WALKER": [19, -0.1665529411764706], "GRIMES": [46, 0.17889302325581397], "AUSTIN": [1304, 0.05508852459016395], "WHARTON": [1, 0.8229], "BRAZORIA": [22, -0.11719285714285717], "WALLER": [12, -0.164575], "WASHINGTON": [14, 0.8555], "GALVESTON": [88, 0.03124], "ORANGE": [11, -0.15330000000000002], "BRAZOS": [66, 0.1422727272727273], "VICTORIA": [11, -0.21282999999999994], "CALHOUN": [2, 0.07655], "BEXAR": [850, 0.010774549549549565], "BANDERA": [1, -0.8316], "KENDALL": [3, 0.3566], "KERR": [1, -0.296], "WEBB": [13, -0.04515], "ZAPATA": [1, -0.5859], "COMAL": [24, -0.08064999999999999], "BEE": [1, -0.4588], "GUADALUPE": [11, 0.092525], "WILSON": [2, -0.36755], "NUECES": [87, -0.07416451612903224], "SAN PATRICIO": [7, -0.7644], "KLEBERG": [3, 0.0], "HIDALGO": [86, 0.033984931506849336], "CAMERON": [9, -0.2270285714285714], "HAYS": [11, 0.30910000000000004], "CALDWELL": [85, 0.0493153846153846], "GILLESPIE": [1, -0.2173], "KINNEY": [1, -0.5538], "FAYETTE": [1, 0.0], "WHEELER": [1, 0.0], "POTTER": [46, -0.10187500000000001], "HARTLEY": [1, -0.6059], "DALLAM": [1, [], []], "REEVES": [1, 0.0], "EL PASO": [165, 0.0222223404255319], "LIBERTY": [1, 0.0], "COTTLE": [1, 0.2472], "LEE": [2, 0.7152000000000001], "LAMB": [83, -0.0984111111111111], "STARR": [1, 0.0772], "MAVERICK": [5, 0.16124], "RANDALL": [7, 0.4419], "MIDLAND": [26, -0.03323200000000002], "PRESIDIO": [4, 0.053525], "SAN JACINTO": [3, -0.34], "JIM WELLS": [1, -0.8827], "SCURRY": [16, 0.6288], "HOCKLEY": [85, -0.03735555555555555], "WARD": [1, -0.5423], "GAINES": [10, 0.015862499999999995], "DAWSON": [1, 0.0], "TAYLOR": [26, -0.11027647058823528], "PECOS": [1, [-0.4201], []], "MONTAGUE": [2, -0.0772], "BASTROP": [1, -0.628], "GRAY": [2, 0.0], "BURNET": [1, 0.0], "WINKLER": [1, -0.5423], "TRINITY": [1, 0.3612], "HOWARD": [1, 0.5719], "MENARD": [1, 0.0], "BREWSTER": [3, 0.07136666666666668], "GRAYSON": [6, -0.49055000000000004], "STONEWALL": [1, 0.7152], "ECTOR": [14, -0.13087692307692309], "FRANKLIN": [1, -0.743], "LUBBOCK": [83, 0.08701874999999999], "LIMESTONE": [1, 0.3885]}