{"TRAVIS": [8731, 0.054177204423022506], "SHERMAN": [1, 0.0], "DALLAS": [10890, 0.04502509099733084], "COLLIN": [2218, 0.04185480631276904], "DENTON": [1402, 0.05550192771084341], "GRAYSON": [66, 0.1465423076923077], "ROCKWALL": [231, 0.009266037735849048], "ELLIS": [184, 0.004230136986301365], "NAVARRO": [31, 0.06624117647058825], "VAN ZANDT": [13, -0.53022], "KAUFMAN": [124, 0.07031538461538461], "HENDERSON": [21, -0.07631666666666667], "HUNT": [58, -0.006863636363636364], "WOOD": [10, -0.491675], "LAMAR": [31, 0.06792666666666669], "FANNIN": [4, -0.40345], "HOPKINS": [13, 0.04867142857142855], "RAINS": [2, 0.1591], "CAMP": [2, -0.5803], "TITUS": [32, 0.006550000000000007], "BOWIE": [55, 0.11776999999999999], "CASS": [13, -0.20134999999999997], "MARION": [2, -0.0857], "GREGG": [147, 0.0843403225806452], "PANOLA": [13, -0.21985], "UPSHUR": [7, 0.0], "HARRISON": [128, 0.2191875], "RUSK": [9, -0.009757142857142844], "SMITH": [346, -0.007681250000000013], "CHEROKEE": [17, 0.01811666666666668], "NACOGDOCHES": [110, -0.007177777777777773], "ANDERSON": [41, 0.029529411764705877], "LEON": [1, 0.0], "TRINITY": [103, 0.27653333333333335], "HOUSTON": [14508, 0.02657841315225173], "FREESTONE": [5, -0.251425], "MADISON": [3, -0.19975], "ANGELINA": [97, 0.054471428571428566], "NEWTON": [12, -0.19783333333333333], "SABINE": [1, -0.046], "JASPER": [8, -0.05300000000000001], "POLK": [408, -0.058884313725490196], "TYLER": [23, 0.0], "TARRANT": [4757, 0.024318728522336817], "PARKER": [33, 0.0], "JOHNSON": [305, 0.07133750000000003], "WISE": [21, 0.019533333333333354], "HOOD": [50, 0.13665000000000002], "HILL": [70, -0.0025750000000000018], "PALO PINTO": [6, 0.450975], "CLAY": [1327, -0.0427087686567164], "MONTAGUE": [3, 0.3612], "COOKE": [142, -0.024483333333333347], "WICHITA": [155, -0.012009523809523812], "ARCHER": [1326, -0.0258], "WILBARGER": [2, -0.32335], "YOUNG": [8, 0.025739999999999996], "HASKELL": [7, -0.03270000000000001], "ERATH": [29, 0.06224210526315789], "SHACKELFORD": [1, -0.7701], "BROWN": [23, -0.05861111111111109], "EASTLAND": [5, -0.08723333333333333], "HAMILTON": [1, 0.926], "COMANCHE": [2, -0.6321], "CALLAHAN": [3, 0.2635], "BELL": [380, -0.03256358381502889], "MILAM": [6, -0.35414999999999996], "CORYELL": [129, 0.07544090909090909], "MCLENNAN": [280, 0.07879307692307691], "WILLIAMSON": [995, 0.07588691588785047], "LAMPASAS": [50, 0.8442], "BOSQUE": [3, -0.03913333333333332], "LIMESTONE": [12, 0.0], "MASON": [4, -0.8674], "SAN SABA": [1, 0.5411], "COLEMAN": [25, 0.0], "LLANO": [22, 0.4276333333333333], "CONCHO": [6648, 0.016024593048834145], "MILLS": [1, 0.0], "KIMBLE": [9, -0.2714], "EDWARDS": [1, 0.0], "TOM GREEN": [6826, 0.043874545454545444], "REAGAN": [1, 0.25], "SUTTON": [2, -0.07655], "HARRIS": [14945, 0.006285479452054792], "FORT BEND": [1449, -0.06309090909090909], "MONTGOMERY": [1423, 0.02809296703296704], "WALKER": [820, -0.03230236406619386], "LIBERTY": [193, 0.1898125], "SAN JACINTO": [57, 0.1531], "GRIMES": [587, 0.021291256830601086], "HARDIN": [40, -0.01115714285714285], "MATAGORDA": [4, -0.5616], "COLORADO": [4, 0.3241], "AUSTIN": [7989, 0.06511730769230771], "WHARTON": [20, 0.241025], "BRAZORIA": [245, -0.07676666666666666], "WALLER": [245, 0.045142857142857123], "WASHINGTON": [16, 0.16601666666666667], "GALVESTON": [721, 0.04067836538461536], "ORANGE": [284, -0.019705617977528084], "JEFFERSON": [59, -0.07426250000000001], "BRAZOS": [778, 0.11469333333333334], "BURLESON": [13, 0.65725], "LEE": [10, 0.23803333333333335], "VICTORIA": [70, 0.015218421052631595], "DE WITT": [7, 0.9402], "JACKSON": [6, 0.0], "GOLIAD": [1, 0.566], "CALHOUN": [8, -0.45084], "BEXAR": [5575, 0.05498395121951209], "BANDERA": [59, -0.011312903225806456], "KENDALL": [57, -0.15160624999999997], "FRIO": [4, -0.3147333333333333], "ATASCOSA": [13, 0.1035], "MEDINA": [18, -0.16743333333333332], "KERR": [31, 0.1967384615384615], "LIVE OAK": [11, -0.13977499999999998], "WEBB": [352, -0.025465094339622633], "ZAPATA": [3, 0.2846666666666667], "COMAL": [226, 0.11774444444444446], "BEE": [15, -0.007700000000000007], "GUADALUPE": [239, 0.13543846153846154], "KARNES": [4, 0.0], "WILSON": [4, -0.0258], "GONZALES": [27, -0.04924999999999999], "NUECES": [815, 0.010663291139240512], "JIM WELLS": [30, -0.5932999999999999], "SAN PATRICIO": [149, -0.22215454545454547], "KENEDY": [2, -0.296], "JIM HOGG": [3, -0.345], "KLEBERG": [85, 0.26841818181818183], "HIDALGO": [1022, 0.018383643892339544], "CAMERON": [427, -0.012764583333333324], "STARR": [71, -0.18410000000000004], "BASTROP": [184, -0.032240000000000005], "BURNET": [20, 0.3182], "BLANCO": [32, -0.04906666666666667], "HAYS": [543, -0.07513196721311473], "CALDWELL": [454, 0.028555555555555553], "GILLESPIE": [18, 0.2678], "UVALDE": [9, -0.4334], "DIMMIT": [3, 0.38170000000000004], "ZAVALA": [2, 0.0], "KINNEY": [35, -0.03295000000000001], "MAVERICK": [64, 0.10706153846153846], "FAYETTE": [9, -0.2553666666666667], "GRAY": [92, 0.19610000000000002], "WHEELER": [2, -0.4019], "HUTCHINSON": [5, 0.031200000000000006], "POTTER": [233, 0.05985376344086022], "MOORE": [2, 0.623], "HEMPHILL": [7, -0.4577], "RANDALL": [16, -0.1022083333333333], "HARTLEY": [5, -0.34259999999999996], "HALE": [12, -0.351225], "DEAF SMITH": [4, 0.31720000000000004], "LAMB": [2554, -0.04825481481481483], "OCHILTREE": [1, -0.1123], "CARSON": [1, -0.0847], "SWISHER": [2, 0.0], "CHILDRESS": [3, -0.2083], "HARDEMAN": [1, -0.6801], "DONLEY": [4, 0.0], "HALL": [3, 0.36985], "BRISCOE": [2, 0.0], "HOCKLEY": [513, 0.05269738219895289], "TERRY": [2, 0.14025], "YOAKUM": [2, 0.0516], "BAILEY": [3, 0.19885], "LUBBOCK": [668, 0.09780833333333334], "GARZA": [1, -0.5984], "DAWSON": [2, 0.2732], "GAINES": [20, -0.16600625], "NOLAN": [5, 0.39044999999999996], "TAYLOR": [338, 0.0880342105263158], "HOWARD": [25, 0.186225], "MITCHELL": [3, -0.6808], "MIDLAND": [289, 0.0004724409448818867], "MARTIN": [1, 0.0], "ANDREWS": [2, 0.7374499999999999], "REEVES": [7, -0.04018333333333333], "WARD": [2, 0.1091], "PECOS": [5, 0.37320000000000003], "CRANE": [1, 0.0], "ECTOR": [116, -0.12913999999999998], "WINKLER": [2, -0.1901], "EL PASO": [1433, 0.046107026143790794], "BREWSTER": [13, -0.06922727272727275], "HUDSPETH": [85, 0.2681428571428571], "PRESIDIO": [15, 0.0]}