{"TRAVIS": [57, 2.2269339994630695], "DALLAS": [71, 6.213714289183039], "COLLIN": [5, 6.31716765873016], "DENTON": [4, 6.633834325396827], "ELLIS": [1, 7.083834325396827], "HUNT": [1, 7.083834325396827], "LAMAR": [1, 6.283834325396827], "BOWIE": [1, 6.283834325396827], "GREGG": [1, 6.283834325396827], "SMITH": [3, 6.387730429292931], "NACOGDOCHES": [2, 7.03091224747475], "HOUSTON": [88, 8.585943512506017], "POLK": [6, 10.255196759259261], "TARRANT": [19, 10.581796085858588], "HILL": [2, 10.685499789562293], "CLAY": [45, 9.85613471019722], "HAYS": [4, 0.0], "SAN PATRICIO": [2, 0.0], "STARR": [4, 0.3333333333333333], "EL PASO": [3, 0.0], "WALLER": [3, -0.008333333333333304], "MONTGOMERY": [9, -0.09270833333333325], "HEMPHILL": [2, -0.2749999999999999], "WALKER": [18, 1.2997294372294372], "MILLS": [2, 1.6113636363636363], "LUBBOCK": [8, 1.7268398268398268], "LIBERTY": [36, 1.8107683982683982], "POTTER": [2, 1.8316017316017315], "GRAY": [2, 2.3316017316017312], "BANDERA": [2, 2.7482683982683977], "CALHOUN": [2, 2.7482683982683977], "BEXAR": [21, 3.3527657527657517], "BRAZOS": [3, 4.258982683982683], "TERRY": [2, 4.383982683982683], "HARRIS": [89, 5.686891985329485], "TAYLOR": [3, 7.008645983645984], "GALVESTON": [7, 7.243020983645984], "WEBB": [3, 7.31281265031265], "AUSTIN": [56, 9.544025585412776], "MCLENNAN": [2, 0.45555555555555555], "LAMB": [83, 1.985431567225046], "GUADALUPE": [5, 2.148971861471862], "CORYELL": [2, 2.9573051948051954], "HIDALGO": [6, 3.0823051948051954], "COMAL": [8, 2.8323051948051954], "BELL": [4, 1.8323051948051954], "TOM GREEN": [3, 1.8323051948051954], "WILLIAMSON": [5, 2.1073051948051953], "GRIMES": [2, 2.4323051948051955]}