{"TRAVIS": [401, 0.013483265306122469], "DALLAS": [401, -0.062243951612903206], "COLLIN": [401, -0.01901180124223603], "DENTON": [267, -0.03451098901098901], "GRAYSON": [30, -0.059283333333333334], "ROCKWALL": [57, -0.11156666666666669], "ELLIS": [63, 0.007096969696969698], "NAVARRO": [2, 0.4019], "VAN ZANDT": [6, -0.31575000000000003], "KAUFMAN": [39, -0.09417500000000001], "HENDERSON": [5, 0.49187499999999995], "HUNT": [172, 0.007816666666666666], "WOOD": [7, -0.4321], "LAMAR": [23, 0.15338], "FANNIN": [3, 0.0], "HOPKINS": [10, -0.43594], "BOWIE": [26, 0.09766923076923076], "CASS": [6, -0.06539999999999999], "GREGG": [11, -0.08837142857142857], "PANOLA": [8, -0.14759999999999998], "HARRISON": [17, -0.24405], "RUSK": [2, 0.0], "SMITH": [59, -0.05230000000000002], "CHEROKEE": [22, -0.023424999999999994], "NACOGDOCHES": [140, 0.03384749999999999], "ANDERSON": [5, 0.0], "TRINITY": [3, 0.0], "HOUSTON": [401, -0.012533082706766925], "ANGELINA": [128, -0.2557], "NEWTON": [3, -0.058699999999999974], "JASPER": [5, 0.0], "POLK": [175, -0.0613361111111111], "TARRANT": [401, 0.005366666666666659], "PARKER": [28, -0.030160000000000003], "JOHNSON": [94, -0.07576666666666666], "WISE": [5, -0.4215], "HOOD": [3, -0.05275000000000002], "SOMERVELL": [3, -0.4767], "HILL": [89, 0.1434733333333333], "CLAY": [238, -0.009734722222222228], "COOKE": [9, 0.22965000000000002], "WICHITA": [48, -0.14674999999999996], "WILBARGER": [2, -0.2755], "HASKELL": [7, -0.34], "SHACKELFORD": [2, -0.5984], "BROWN": [2, 0.5994], "EASTLAND": [18, 0.38585], "BELL": [151, 0.022955813953488367], "MILAM": [6, -0.1468], "CORYELL": [116, -0.37413333333333326], "MCLENNAN": [58, 0.020628947368421052], "WILLIAMSON": [401, 0.10448437499999999], "LAMPASAS": [5, -0.4404], "MASON": [9, 0.3182], "RUNNELS": [2, 0.0], "LLANO": [5, 0.138375], "CONCHO": [159, -0.05269350649350649], "MILLS": [4, -0.3447], "TOM GREEN": [180, 0.08750000000000001], "HARRIS": [401, -0.23928333333333332], "FORT BEND": [201, 0.1277186046511628], "MONTGOMERY": [401, 0.016141436464088405], "WALKER": [401, 0.021879831932773118], "LIBERTY": [66, -0.14261851851851853], "SAN JACINTO": [3, 0.0], "GRIMES": [65, 0.06924074074074074], "HARDIN": [22, -0.32946666666666663], "MATAGORDA": [3, 0.0], "COLORADO": [3, -0.40064999999999995], "AUSTIN": [401, -0.03324705882352941], "WHARTON": [6, -0.1591], "BRAZORIA": [43, 0.08689166666666664], "WALLER": [108, 0.04738285714285716], "WASHINGTON": [8, 0.15493333333333334], "GALVESTON": [200, -0.06532], "CHAMBERS": [9, 0.3182], "ORANGE": [43, 0.017100000000000018], "JEFFERSON": [11, 0.09082857142857144], "BRAZOS": [71, 0.0030125000000000013], "LEE": [21, -0.03473333333333332], "VICTORIA": [11, -0.35045000000000004], "REFUGIO": [5, -0.3062], "LAVACA": [2, 0.5106], "CALHOUN": [8, -0.1531], "BEXAR": [401, -0.0006146341463414596], "BANDERA": [54, 0.039216666666666684], "KENDALL": [20, 0.13095], "FRIO": [2, 0.0], "ATASCOSA": [16, -0.34], "MEDINA": [3, -0.4467], "KERR": [11, 0.12547999999999998], "LIVE OAK": [2, -0.0772], "WEBB": [44, 0.02509000000000001], "ZAPATA": [2, -0.296], "COMAL": [147, -0.0946553191489362], "GUADALUPE": [73, 0.11058000000000001], "WILSON": [5, -0.1806], "GONZALES": [18, 0.0], "NUECES": [110, -0.02686153846153847], "JIM WELLS": [14, -0.7306333333333334], "SAN PATRICIO": [116, -0.21147499999999997], "KENEDY": [20, 0.024900000000000005], "BROOKS": [2, -0.3818], "KLEBERG": [9, -0.34], "HIDALGO": [242, -0.06034774774774776], "CAMERON": [41, 0.07720476190476191], "STARR": [167, 0.0], "BASTROP": [27, 0.04256363636363636], "BURNET": [8, -0.16563333333333333], "BLANCO": [19, 0.06893333333333333], "HAYS": [124, -0.155425], "GILLESPIE": [9, 0.05335000000000001], "UVALDE": [10, 0.3182], "ZAVALA": [19, 0.0], "KINNEY": [34, 0.14166], "MAVERICK": [5, -0.014633333333333332], "FAYETTE": [13, -0.3374], "WHEELER": [2, -0.6428], "HUTCHINSON": [2, 0.4215], "PARMER": [2, 0.4728], "POTTER": [73, -0.11294615384615384], "HEMPHILL": [3, 0.0258], "HALE": [2, -0.2244], "DEAF SMITH": [2, 0.0], "LAMB": [401, -0.058380321285140556], "CARSON": [7, -0.2943333333333333], "DONLEY": [2, 0.4215], "HOCKLEY": [21, 0.12801428571428572], "BAILEY": [4, 0.0], "LUBBOCK": [242, 0.031045833333333342], "NOLAN": [2, 0.3182], "TAYLOR": [59, -0.06771428571428571], "HOWARD": [6, 0.0], "MITCHELL": [3, -0.0772], "MIDLAND": [100, 0.08548275862068966], "REEVES": [2, 0.0], "CRANE": [2, 0.5023], "BORDEN": [2, -0.7159], "EL PASO": [336, -0.022938738738738737], "BREWSTER": [7, -0.3715], "HUDSPETH": [37, -0.25299090909090904]}