{"TRAVIS": [1443, 0.029904709141274258], "SHERMAN": [1, 0.7391], "DALLAS": [2600, -0.008783454987834578], "COLLIN": [62, -0.010457894736842093], "DENTON": [31, 0.1139285714285714], "ROCKWALL": [15, 0.40245], "ELLIS": [1, 0.0], "KAUFMAN": [7, 0.16879999999999998], "HUNT": [1, -0.4939], "CAMP": [2, 0.24735], "TITUS": [1, -0.743], "BOWIE": [14, -0.10746249999999999], "MORRIS": [1, 0.0], "GREGG": [22, 0.033929411764705875], "UPSHUR": [1, -0.3182], "HARRISON": [13, 0.420975], "RUSK": [1, -0.5574], "SMITH": [43, -0.1221391304347826], "CHEROKEE": [2, -0.0194], "NACOGDOCHES": [26, 0.18966], "ANDERSON": [1, -0.5065], "HOUSTON": [1941, 0.004713321647677472], "FREESTONE": [1, 0.3885], "ANGELINA": [4, 0.0], "NEWTON": [1, -0.69], "POLK": [22, -0.2432285714285714], "TARRANT": [1961, 0.004297658862876258], "PARKER": [3, 0.6101], "JOHNSON": [4, -0.0726], "HOOD": [10, 0.023450000000000026], "HILL": [1, -0.5994], "CLAY": [54, -0.1314666666666667], "WICHITA": [24, -0.14385454545454546], "ARCHER": [53, -0.8591], "BROWN": [3, -0.3306], "BELL": [15, 0.33416250000000003], "CORYELL": [4, -0.128], "MCLENNAN": [7, -0.07622], "WILLIAMSON": [33, 0.0021400000000000086], "LAMPASAS": [7, 0.3715], "FALLS": [1, 0.2905], "COLEMAN": [4, 0.3612], "CONCHO": [860, -0.02914596050269298], "TOM GREEN": [866, 0.07404859813084112], "HARRIS": [1776, -0.04354026845637584], "MONTGOMERY": [21, 0.12303], "WALKER": [18, -0.13482941176470586], "GRIMES": [48, 0.23639090909090907], "AUSTIN": [1318, -0.05744054054054055], "WHARTON": [1, 0.8229], "BRAZORIA": [22, -0.20750000000000002], "WALLER": [17, -0.164575], "WASHINGTON": [2, 0.5409], "GALVESTON": [77, -0.01937560975609756], "ORANGE": [10, -0.056725], "BRAZOS": [62, 0.13632105263157895], "LEE": [2, 0.7876], "VICTORIA": [5, -0.15935], "CALHOUN": [2, 0.07655], "BEXAR": [870, -0.018659780219780205], "BANDERA": [2, 0.01865], "KENDALL": [4, 0.3566], "KERR": [1, -0.296], "WEBB": [22, 0.019443750000000003], "ZAPATA": [1, -0.5859], "COMAL": [16, -0.34985999999999995], "BEE": [1, -0.4588], "GUADALUPE": [13, 0.07338333333333334], "WILSON": [2, -0.36755], "GONZALES": [1, 0.0], "NUECES": [80, -0.11640999999999999], "SAN PATRICIO": [9, -0.7644], "KLEBERG": [4, -0.24695], "HIDALGO": [108, 0.03835955056179775], "CAMERON": [14, 0.04094285714285716], "HAYS": [24, 0.18304444444444443], "CALDWELL": [81, 0.0343972972972973], "GILLESPIE": [1, -0.2173], "KINNEY": [1, -0.5538], "MAVERICK": [9, 0.17558], "FAYETTE": [1, 0.0], "WHEELER": [1, 0.0], "POTTER": [48, -0.07671666666666668], "RANDALL": [7, 0.0], "HARTLEY": [1, -0.6059], "LAMB": [68, -0.08236666666666666], "COTTLE": [1, 0.2472], "HOCKLEY": [79, 0.01313111111111111], "LUBBOCK": [83, -0.032158333333333344], "GAINES": [10, 0.015862499999999995], "STONEWALL": [1, 0.7152], "TAYLOR": [20, -0.2711], "HOWARD": [1, 0.5719], "SCURRY": [16, 0.7321], "MIDLAND": [23, 0.14437619047619044], "REEVES": [1, 0.0], "WARD": [1, -0.5423], "ECTOR": [14, -0.08273333333333335], "EL PASO": [131, 0.051421176470588234], "BREWSTER": [3, 0.07136666666666668], "PRESIDIO": [4, 0.0]}