{"TRAVIS": [101, -0.12312236842105263], "DALLAS": [101, -0.02388915662650603], "COLLIN": [35, -0.076216], "DENTON": [31, -0.18395294117647054], "GRAYSON": [4, 0.47465], "ROCKWALL": [4, 0.03403333333333334], "ELLIS": [32, -0.11672727272727275], "NAVARRO": [2, 0.0], "VAN ZANDT": [2, -0.6124], "KAUFMAN": [7, -0.16885], "HENDERSON": [2, 0.0], "HUNT": [3, -0.6078], "LAMAR": [2, 0.25], "BOWIE": [2, 0.4048], "CASS": [2, 0.6808], "GREGG": [3, 0.0], "PANOLA": [4, 0.3448], "HARRISON": [8, -0.12425], "SMITH": [11, 0.07311111111111111], "NACOGDOCHES": [6, -0.36662], "ANDERSON": [3, 0.33825], "HOUSTON": [101, -0.15394999999999998], "FREESTONE": [5, -0.8591], "ANGELINA": [6, -0.5154], "NEWTON": [3, 0.0], "POLK": [14, 0.05143636363636364], "TARRANT": [101, -0.17043134328358212], "JOHNSON": [30, 0.0], "HOOD": [2, 0.4588], "HILL": [18, 0.12952222222222223], "CLAY": [59, 0.028045833333333336], "COOKE": [2, 0.5448], "WICHITA": [5, 0.20095], "ERATH": [3, 0.20095], "BELL": [26, 0.02844210526315791], "MILAM": [2, -0.3182], "MCLENNAN": [13, 0.07514545454545454], "WILLIAMSON": [21, -0.04079999999999998], "FALLS": [2, 0.0], "LLANO": [2, 0.7269], "CONCHO": [18, -0.23912499999999995], "TOM GREEN": [19, 0.0], "HARRIS": [101, 0.0], "FORT BEND": [23, 0.09661333333333334], "MONTGOMERY": [94, -0.051748684210526315], "WALKER": [90, -0.051105405405405376], "LIBERTY": [15, -0.19283636363636364], "GRIMES": [13, -0.10644999999999999], "HARDIN": [3, -0.1027], "AUSTIN": [101, -0.24503333333333333], "BRAZORIA": [4, -0.27065], "WALLER": [41, -0.08483333333333333], "GALVESTON": [21, -0.042219999999999994], "ORANGE": [6, -0.19037500000000002], "JEFFERSON": [7, 0.1333], "VICTORIA": [2, -0.7346], "BEXAR": [101, -0.03487272727272727], "BANDERA": [19, -0.08530909090909088], "KENDALL": [3, -0.3089], "LIVE OAK": [2, -0.6884], "WEBB": [2, 0.2732], "COMAL": [33, -0.24210000000000004], "GUADALUPE": [12, -0.4577], "NUECES": [11, 0.06800000000000002], "KENEDY": [2, 0.6588], "HIDALGO": [18, 0.013215384615384611], "CAMERON": [3, -0.4375], "BASTROP": [4, 0.4404], "BLANCO": [4, 0.0], "GILLESPIE": [8, 0.14886666666666667], "ZAVALA": [2, 0.2263], "LAMB": [101, -0.17392125000000003], "HOCKLEY": [17, -0.28595], "BAILEY": [13, 0.0], "LUBBOCK": [13, 0.07641111111111111], "GAINES": [2, -0.4939], "NOLAN": [2, 0.0516], "TAYLOR": [5, 0.024050000000000002], "HOWARD": [2, 0.4019], "MIDLAND": [15, -0.04835555555555555], "EL PASO": [43, -0.07434062499999998], "BREWSTER": [2, -0.7845], "HUDSPETH": [4, -0.7186]}