{"TRAVIS": [4925, 0.1110310529845741], "DALLAS": [2240, 0.08888588110403389], "COLLIN": [456, 0.11817291666666664], "DENTON": [303, 0.0815079365079365], "GRAYSON": [7, -0.18616666666666667], "ROCKWALL": [57, 0.14858571428571427], "ELLIS": [172, 0.055449999999999985], "NAVARRO": [9, -0.16083999999999998], "VAN ZANDT": [1, 0.0], "KAUFMAN": [15, -0.16519999999999999], "HENDERSON": [3, -0.64775], "HUNT": [8, -0.04130000000000002], "WOOD": [1, -0.2732], "LAMAR": [4, 0.146475], "HOPKINS": [4, 0.57875], "TITUS": [2, 0.2553], "BOWIE": [36, 0.34865714285714283], "CASS": [2, 0.2202], "MORRIS": [1, -0.2732], "GREGG": [43, 0.10264444444444444], "PANOLA": [15, -0.10256666666666668], "HARRISON": [13, 0.4939], "RUSK": [3, 0.17], "SMITH": [95, -0.06475365853658535], "CHEROKEE": [2, -0.36034999999999995], "NACOGDOCHES": [72, -0.018342857142857136], "ANDERSON": [5, -0.047999999999999994], "HOUSTON": [2630, 0.08570041050903114], "FREESTONE": [4, 0.0], "ANGELINA": [25, -0.06956363636363636], "NEWTON": [1, -0.0708], "JASPER": [13, 0.0], "POLK": [40, -0.0016047619047619025], "TARRANT": [1126, 0.0651241379310345], "PARKER": [33, 0.4051375], "JOHNSON": [203, -0.05100000000000001], "WISE": [2, 0.4968], "HOOD": [11, 0.35975999999999997], "HILL": [10, -0.05781428571428572], "PALO PINTO": [5, 0.7717], "CLAY": [832, 0.04111245136186773], "COOKE": [1, -0.2732], "WICHITA": [73, -0.14315000000000003], "ARCHER": [837, -0.2023], "WILBARGER": [3, 0.29295], "YOUNG": [1, 0.0], "HASKELL": [1, 0.7644], "ERATH": [8, 0.42315714285714284], "BROWN": [13, 0.22145], "EASTLAND": [4, 0.15742499999999998], "BELL": [40, 0.2132233333333333], "MILAM": [3, -0.12813333333333332], "CORYELL": [30, 0.11679333333333333], "MCLENNAN": [49, -0.009403448275862087], "WILLIAMSON": [258, 0.19096190476190478], "LAMPASAS": [19, 0.0258], "FALLS": [1, 0.4404], "BOSQUE": [1, -0.7418], "COLEMAN": [11, -0.5994], "LLANO": [3, 0.4939], "CONCHO": [1557, 0.03172784090909093], "MENARD": [2, 0.7803], "TOM GREEN": [1562, 0.04201036269430052], "HARRIS": [4040, 0.05778428405122226], "FORT BEND": [64, 0.05600000000000005], "MONTGOMERY": [134, 0.16731125000000002], "WALKER": [133, 0.10413636363636365], "SAN JACINTO": [4, 0.9057], "GRIMES": [151, 0.07717857142857144], "HARDIN": [5, -0.3023], "MATAGORDA": [3, -0.8074], "COLORADO": [13, 0.2114666666666667], "AUSTIN": [4550, 0.13354647887323945], "WHARTON": [7, -0.28254999999999997], "BRAZORIA": [64, 0.011412121212121207], "WALLER": [66, -0.04532857142857144], "WASHINGTON": [20, -0.27435], "GALVESTON": [148, 0.031715517241379304], "ORANGE": [49, 0.1557666666666667], "JEFFERSON": [12, 0.043385714285714284], "BRAZOS": [186, 0.24505862068965517], "BURLESON": [3, 0.4404], "LEE": [1, 0.264], "VICTORIA": [13, -0.19663333333333333], "CALHOUN": [4, 0.5884999999999999], "BEXAR": [1681, 0.09338921694480104], "BANDERA": [9, 0.09949999999999999], "KENDALL": [4, 0.09870000000000001], "ATASCOSA": [1, 0.25], "KERR": [4, 0.2235], "WEBB": [78, 0.06649500000000001], "COMAL": [46, 0.2212030303030303], "BEE": [2, -0.1779], "GUADALUPE": [13, 0.19366666666666665], "WILSON": [4, -0.2202], "GONZALES": [3, -0.0772], "NUECES": [117, 0.03530833333333334], "JIM WELLS": [5, 0.87395], "KLEBERG": [10, 0.08128333333333335], "HIDALGO": [211, 0.11457200000000003], "CAMERON": [72, -0.16016774193548386], "STARR": [7, -0.148], "BASTROP": [18, -0.05300000000000001], "BLANCO": [3, 0.3802], "HAYS": [159, 0.06514166666666667], "CALDWELL": [262, 0.09229666666666668], "GILLESPIE": [10, -0.030424999999999994], "UVALDE": [1, 0.0], "DIMMIT": [1, 0.4404], "KINNEY": [7, 0.06870000000000001], "VAL VERDE": [2, 0.0258], "MAVERICK": [17, 0.03472857142857143], "FAYETTE": [14, 0.0], "POTTER": [65, -0.08699473684210528], "MOORE": [1, 0.6369], "RANDALL": [6, 0.330925], "HALE": [5, 0.214825], "DEAF SMITH": [4, -0.1146], "LAMB": [414, 0.03086517857142856], "OCHILTREE": [1, -0.8468], "HANSFORD": [2, 0.3182], "HOCKLEY": [134, 0.12532352941176464], "LUBBOCK": [171, 0.30523124999999995], "DAWSON": [2, -0.34], "GAINES": [6, 0.39122500000000004], "NOLAN": [3, 0.1909], "TAYLOR": [29, -0.03196521739130437], "HOWARD": [9, 0.14773333333333336], "MITCHELL": [3, 0.13775], "SCURRY": [2, 0.0], "MIDLAND": [94, 0.07268852459016396], "REEVES": [11, 0.057624999999999996], "WARD": [3, -0.045399999999999996], "PECOS": [2, 0.0], "JEFF DAVIS": [1, 0.6249], "ECTOR": [60, -0.054511111111111114], "WINKLER": [4, 0.14049999999999999], "EL PASO": [987, 0.08828786127167627], "BREWSTER": [61, 0.3280344827586207], "HUDSPETH": [3, 0.0], "PRESIDIO": [68, 0.09878], "CULBERSON": [1, -0.25]}