{"TRAVIS": [101, 0.15882968750000004], "DALLAS": [101, 0.07574918032786887], "COLLIN": [77, 0.18035818181818186], "DENTON": [101, -0.005034615384615386], "GRAYSON": [8, -0.18485], "ROCKWALL": [10, 0.0], "ELLIS": [26, 0.002984999999999999], "KAUFMAN": [14, 0.05960000000000002], "HUNT": [5, -0.008175000000000009], "LAMAR": [10, 0.05976], "BOWIE": [11, 0.08771666666666667], "CASS": [101, 0.44789999999999996], "GREGG": [3, 0.0], "PANOLA": [2, 0.0], "RUSK": [3, -0.1366], "SMITH": [67, 0.04498], "CHEROKEE": [2, 0.4376], "NACOGDOCHES": [6, 0.36415], "ANDERSON": [6, 0.0], "HOUSTON": [101, 0.17239268292682924], "FREESTONE": [2, 0.0], "ANGELINA": [11, 0.4914666666666667], "POLK": [101, 0.0078028571428571435], "TARRANT": [101, 0.08573913043478262], "PARKER": [4, 0.14919999999999997], "JOHNSON": [27, 0.13893333333333333], "HOOD": [3, 0.0], "SOMERVELL": [4, 0.1531], "CLAY": [70, 0.044641935483870986], "WICHITA": [8, -0.006149999999999989], "EASTLAND": [3, -0.2202], "BELL": [74, 0.2747470588235294], "MCLENNAN": [20, 0.23738461538461542], "WILLIAMSON": [33, 0.2204625], "FALLS": [3, 0.0], "LLANO": [2, -0.0516], "CONCHO": [30, 0.15552272727272728], "AUSTIN": [101, 0.14057656250000003], "WEBB": [7, 0.20210000000000003], "MONTGOMERY": [101, 0.06240793650793651], "WALLER": [28, 0.07982500000000001], "STARR": [66, -0.02328461538461539], "GALVESTON": [36, 0.03093478260869564], "VICTORIA": [4, 0.31756666666666666], "COMAL": [24, 0.34375], "MAVERICK": [2, 0.128], "WHEELER": [2, -0.34], "BRAZORIA": [14, 0.11438], "MIDLAND": [17, 0.15333636363636363], "ORANGE": [9, 0.02092857142857144], "CALDWELL": [17, 0.1878], "KENDALL": [2, 0.0], "HUDSPETH": [6, 0.11858000000000002], "BLANCO": [2, 0.5696], "WILSON": [3, -0.01375000000000004], "BANDERA": [47, 0.10883571428571427], "BURNET": [3, 0.3982], "ZAVALA": [9, 0.0], "TAYLOR": [2, -0.6597], "HIDALGO": [93, 0.0722421052631579], "SAN JACINTO": [3, 0.21075], "KINNEY": [3, -0.03210000000000002], "NUECES": [13, -0.31394], "DAWSON": [3, 0.0], "EL PASO": [81, 0.13367916666666668], "BRAZOS": [29, -0.043088461538461534], "HOCKLEY": [3, 0.31845], "FAYETTE": [6, 0.1366], "LUBBOCK": [23, 0.06155714285714285], "HAYS": [25, -0.30950000000000005], "PRESIDIO": [3, -0.69875], "FORT BEND": [36, 0.15914782608695652], "POTTER": [28, 0.0], "CHAMBERS": [5, 0.32525], "JEFFERSON": [4, 0.41975], "LIBERTY": [33, 0.42544999999999994], "HARRIS": [101, 0.1241088235294118], "HUTCHINSON": [2, 0.0], "LAMB": [101, -0.07388666666666667], "OCHILTREE": [2, 0.0], "CAMERON": [7, 0.2850333333333333], "BEXAR": [101, 0.039092207792207796], "HARDIN": [19, 0.0], "MEDINA": [4, -0.68], "SAN PATRICIO": [14, 0.0], "BASTROP": [7, 0.39505], "GRAY": [8, -0.15844285714285714], "BAILEY": [9, 0.24835], "WALKER": [101, 0.09951351351351351], "GUADALUPE": [13, 0.4019], "HEMPHILL": [2, 0.0], "WASHINGTON": [2, 0.0]}