{"TRAVIS": [401, -0.05749389312977097], "DALLAS": [401, -0.008585589519650636], "COLLIN": [53, 0.03687333333333332], "DENTON": [28, 0.0009928571428571525], "GRAYSON": [4, 0.064], "ROCKWALL": [5, 0.0], "ELLIS": [4, 0.47550000000000003], "NAVARRO": [3, 0.2553], "VAN ZANDT": [2, 0.5859], "KAUFMAN": [7, 0.7108], "HENDERSON": [4, -0.03605], "HUNT": [6, -0.6839], "LAMAR": [5, 0.1589], "BOWIE": [3, 0.0741], "GREGG": [4, 0.0], "PANOLA": [2, 0.2023], "HARRISON": [4, 0.0], "SMITH": [19, -0.1892], "NACOGDOCHES": [44, -0.02965], "HOUSTON": [401, 0.008530402930402943], "POLK": [2, 0.0], "TARRANT": [131, 0.09336533333333333], "JOHNSON": [6, 0.5892000000000001], "WISE": [4, 0.0], "HILL": [15, -0.02667142857142856], "CLAY": [6, -0.05467999999999999], "WICHITA": [6, -0.09170000000000002], "YOUNG": [2, 0.765], "BELL": [14, 0.2942142857142857], "MILAM": [2, 0.0], "CORYELL": [4, 0.3612], "MCLENNAN": [14, -0.03724999999999999], "WILLIAMSON": [29, 0.27068888888888887], "LLANO": [2, 0.0], "CONCHO": [21, -0.045299999999999986], "TOM GREEN": [29, -0.4803], "HARRIS": [401, 0.2482375], "FORT BEND": [21, 0.15936666666666668], "MONTGOMERY": [39, -0.04544347826086953], "WALKER": [20, 0.007505882352941186], "GRIMES": [25, 0.07146666666666666], "HARDIN": [4, 0.0], "AUSTIN": [401, -0.10311666666666668], "WHARTON": [26, 0.481], "BRAZORIA": [7, -0.1197], "WALLER": [12, 0.0], "WASHINGTON": [2, -0.6249], "GALVESTON": [14, -0.011245454545454558], "ORANGE": [11, -0.12632000000000002], "BRAZOS": [37, -0.07058571428571428], "LEE": [4, -0.49829999999999997], "VICTORIA": [8, 0.18495], "BEXAR": [210, -0.03527983193277311], "BANDERA": [3, -0.4019], "FRIO": [2, 0.7906], "KERR": [2, 0.8316], "WEBB": [13, -0.18784], "COMAL": [2, 0.0], "NUECES": [43, -0.0423578947368421], "SAN PATRICIO": [44, 0.0], "KENEDY": [2, -0.7845], "HIDALGO": [38, 0.13851249999999998], "CAMERON": [11, -0.14326], "BASTROP": [16, -0.3182], "HAYS": [57, 0.05443999999999999], "GILLESPIE": [4, 0.07220000000000001], "UVALDE": [2, 0.7579], "KINNEY": [2, 0.0], "MAVERICK": [3, -0.03175], "WHEELER": [2, 0.0], "POTTER": [17, 0.17413333333333333], "LAMB": [61, -0.01278604651162789], "CARSON": [2, 0.7964], "HALL": [2, 0.5574], "HOCKLEY": [3, 0.0], "LUBBOCK": [33, -0.029181249999999995], "TAYLOR": [16, 0.14638333333333334], "MIDLAND": [26, 0.23309333333333335], "HUDSPETH": [2, 0.34], "EL PASO": [56, 0.029740624999999996], "ECTOR": [13, -0.010985714285714281], "PRESIDIO": [5, 0.0]}