{"TRAVIS": [60, 0.09693636363636364], "DALLAS": [79, 0.18245454545454548], "COLLIN": [2, 0.0], "DENTON": [5, 0.18495], "ELLIS": [3, -0.04400000000000001], "GREGG": [2, -0.1759], "SMITH": [3, 0.468], "NACOGDOCHES": [2, 0.0], "HOUSTON": [52, 0.2435386363636364], "HUDSPETH": [2, 0.0], "GALVESTON": [4, 0.04246666666666667], "BLANCO": [2, 0.0], "JOHNSON": [3, -0.04400000000000001], "MCLENNAN": [2, 0.4588], "LLANO": [2, 0.7701], "EL PASO": [3, 0.4604], "JEFFERSON": [3, -0.16205], "POTTER": [2, 0.0], "TARRANT": [19, 0.30945555555555554], "POLK": [2, 0.7096], "WASHINGTON": [2, 0.0], "WILBARGER": [2, 0.0], "LEE": [2, 0.2263], "CAMERON": [4, 0.10549999999999998], "MONTGOMERY": [13, 0.1883], "LAMB": [8, 0.04232857142857143], "LUBBOCK": [2, 0.4019], "TOM GREEN": [4, 0.316], "COMAL": [6, 0.40266666666666673], "GRIMES": [9, -0.18338333333333334], "KENEDY": [2, 0.0], "FORT BEND": [3, 0.38915], "WILLIAMSON": [4, 0.0], "HOCKLEY": [2, -0.5423], "ARCHER": [3, 0.0], "CORYELL": [3, 0.0], "HILL": [5, 0.2707333333333333], "ECTOR": [2, 0.0], "ANGELINA": [2, 0.8316], "BRAZORIA": [2, 0.2023], "BELL": [4, 0.0], "GUADALUPE": [2, 0.0772], "MIDLAND": [5, 0.13996666666666666], "BEXAR": [13, 0.23010909090909087], "BANDERA": [3, 0.2092], "HARRIS": [55, 0.24594042553191495], "FALLS": [2, 0.6739], "CONCHO": [2, 0.0], "HIDALGO": [2, 0.0], "HAYS": [6, 0.37693333333333334], "AUSTIN": [58, 0.10402926829268293], "WALKER": [8, 0.01061428571428572], "BRAZOS": [9, -0.18338333333333334]}