{"TRAVIS": [84, 0.016423076923076933], "DALLAS": [128, 0.016207462686567167], "COLLIN": [20, -0.003925000000000005], "DENTON": [14, 0.311475], "ELLIS": [10, 0.19054444444444446], "LAMAR": [6, -0.1591], "HARRISON": [2, 0.2163], "SMITH": [3, -0.0386], "NACOGDOCHES": [2, -0.2263], "ANDERSON": [38, 0.04618823529411764], "HOUSTON": [90, 0.08906714285714289], "POLK": [104, 0.08338529411764706], "TARRANT": [20, 0.03207777777777778], "HILL": [2, 0.4019], "CLAY": [34, -0.000285714285714284], "BELL": [2, -0.2732], "MCLENNAN": [3, 0.0], "CONCHO": [3, 0.7243999999999999], "TOM GREEN": [4, 0.0], "MONTGOMERY": [4, -0.04853333333333335], "WALKER": [36, -0.11598823529411764], "GRIMES": [4, 0.25723333333333337], "GALVESTON": [3, 0.0815], "JEFFERSON": [2, 0.0], "BRAZOS": [6, 0.0], "BEXAR": [2, 0.0], "GONZALES": [2, 0.0], "HAYS": [2, 0.6124], "CALDWELL": [2, -0.5118], "STARR": [3, -0.31245], "COMAL": [3, 0.0], "EL PASO": [6, 0.12602], "NUECES": [5, -0.5929], "BAILEY": [23, 0.004299999999999993], "LAMB": [5, 0.004086440677966106], "HIDALGO": [7, 0.0], "HUTCHINSON": [2, -0.25], "HUDSPETH": [2, 0.0], "TAYLOR": [2, 0.2023], "BASTROP": [3, 0.15820000000000004], "LUBBOCK": [3, 0.3825], "POTTER": [2, 0.2023], "BANDERA": [14, -0.43375714285714284], "TERRY": [4, 0.0]}