{"TRAVIS": [3600, -0.07786929133858266], "DALLAS": [5784, -0.05249628770301622], "COLLIN": [1567, -0.061507006369426756], "DENTON": [256, 0.062019354838709705], "GRAYSON": [96, -0.2726758620689656], "ROCKWALL": [422, 0.08304242424242425], "ELLIS": [28, -0.22872857142857142], "NAVARRO": [10, -0.22387142857142855], "KAUFMAN": [63, -0.05763333333333335], "HENDERSON": [1, -0.5709], "HUNT": [23, -0.18449999999999997], "WOOD": [2, -0.7024], "LAMAR": [10, -0.35359999999999997], "RED RIVER": [2, -0.4609], "FANNIN": [11, -0.15669999999999998], "RAINS": [4, 0.1609], "CAMP": [1, -0.5574], "TITUS": [20, -0.11050000000000001], "BOWIE": [44, -0.29414799999999997], "CASS": [2, -0.08360000000000001], "GREGG": [95, 0.013262790697674427], "PANOLA": [1, 0.0], "UPSHUR": [11, 0.27703333333333335], "HARRISON": [64, 0.0293], "SMITH": [307, -0.06808761904761906], "CHEROKEE": [2, -0.4321], "NACOGDOCHES": [35, -0.16624074074074074], "ANDERSON": [156, 0.027578787878787876], "LEON": [1, -0.5719], "TRINITY": [1, 0.128], "HOUSTON": [3090, -0.03441807692307698], "FREESTONE": [5, 0.4080333333333333], "ANGELINA": [36, -0.05236999999999999], "NEWTON": [14, -0.5208714285714285], "SABINE": [4, -0.872], "POLK": [185, 0.07699838709677422], "TARRANT": [4234, -0.08370201183431955], "PARKER": [227, 0.07938000000000002], "JOHNSON": [12, -0.8832], "HOOD": [78, -0.24531333333333336], "HILL": [6, 0.34365], "CLAY": [58, -0.13101521739130437], "COOKE": [1, 0.7496], "WICHITA": [151, 0.06906000000000002], "ARCHER": [73, -0.37316666666666665], "WILBARGER": [5, 0.7996], "ERATH": [1, -0.93], "BROWN": [19, -0.30639999999999995], "EASTLAND": [2, 0.012249999999999983], "COMANCHE": [6, 0.11040000000000003], "CALLAHAN": [10, -0.12572500000000003], "BELL": [119, -0.042855], "CORYELL": [18, -0.4819], "MCLENNAN": [136, -0.04613230769230768], "WILLIAMSON": [539, -0.15755818181818185], "LAMPASAS": [5, -0.43725], "FALLS": [6, -0.6124], "ROBERTSON": [4, -0.8555], "BOSQUE": [2, 0.3182], "LIMESTONE": [6, -0.29295], "SAN SABA": [1, -0.2023], "MCCULLOCH": [3, -0.4588], "COLEMAN": [23, -0.6114], "CONCHO": [7250, -0.14013906976744164], "TOM GREEN": [7166, -0.09818593749999999], "SUTTON": [7, -0.08950000000000001], "HARRIS": [2481, -0.008502580645161274], "FORT BEND": [60, 0.23887999999999998], "MONTGOMERY": [32, 0.10939130434782608], "WALKER": [62, 0.01179523809523808], "SAN JACINTO": [4, 0.9617], "GRIMES": [205, -0.028609482758620703], "HARDIN": [1, -0.8591], "MATAGORDA": [39, -0.23583636363636362], "AUSTIN": [3327, -0.008294303797468353], "WHARTON": [29, 0.05717272727272729], "BRAZORIA": [89, -0.15230937499999997], "WALLER": [143, -0.15226216216216215], "WASHINGTON": [1, -0.68], "GALVESTON": [512, -0.004844444444444434], "ORANGE": [147, -0.26256176470588233], "JEFFERSON": [2, 0.8131], "BRAZOS": [259, -0.041675999999999984], "BURLESON": [1, 0.7003], "VICTORIA": [28, -0.1249181818181818], "CALHOUN": [7, 0.8658], "BEXAR": [2035, -0.08441890331890335], "BANDERA": [19, -0.22694], "KENDALL": [16, -0.1775142857142857], "MEDINA": [1, -0.9537], "KERR": [13, 0.03003333333333334], "LIVE OAK": [1, 0.0772], "WEBB": [67, 0.018827027027027023], "COMAL": [212, -0.13578888888888888], "BEE": [7, -0.370025], "GUADALUPE": [25, -0.20376666666666668], "KARNES": [4, 0.06705], "WILSON": [10, -0.36638333333333334], "GONZALES": [6, -0.6863], "NUECES": [768, -0.18179411764705886], "SAN PATRICIO": [140, 0.0954], "BROOKS": [1, -0.2411], "KLEBERG": [14, -0.030577777777777777], "HIDALGO": [578, -0.11441610169491521], "CAMERON": [131, -0.0953413793103448], "BASTROP": [7, 0.629], "HAYS": [17, -0.11454545454545452], "CALDWELL": [145, -0.20179999999999987], "DIMMIT": [1, 0.0], "KINNEY": [12, 0.1246111111111111], "MAVERICK": [7, -0.060725], "FAYETTE": [1, 0.0], "GRAY": [59, -0.3513], "WHEELER": [2, 0.1806], "HUTCHINSON": [15, -0.006450000000000011], "POTTER": [320, -0.09203750000000001], "RANDALL": [22, -0.07551666666666666], "HARTLEY": [8, -0.0772], "HALE": [4, -0.43733333333333335], "DEAF SMITH": [3, -0.031399999999999983], "LAMB": [689, -0.0039056074766355216], "OCHILTREE": [5, 0.3368], "HANSFORD": [2, -0.5574], "CHILDRESS": [3, -0.043399999999999994], "COTTLE": [1, -0.6908], "DONLEY": [1, 0.3612], "HALL": [2, 0.17370000000000002], "MOTLEY": [1, -0.8029], "KING": [1, 0.6652], "HOCKLEY": [336, -0.13690336134453784], "BAILEY": [16, -0.51695], "LUBBOCK": [388, 0.0743304347826087], "DAWSON": [2, -0.4479], "GAINES": [19, -0.30167142857142853], "NOLAN": [18, 0.39356], "TAYLOR": [229, -0.07321], "HOWARD": [5, 0.10699999999999998], "MITCHELL": [5, -0.3182], "SCURRY": [4, -0.3542], "MIDLAND": [294, -0.08602187499999998], "REEVES": [5, -0.35205], "WARD": [8, -0.19043333333333334], "PECOS": [3, 0.13610000000000003], "JEFF DAVIS": [1, 0.8765], "ECTOR": [146, -0.27545], "WINKLER": [53, 0.0], "EL PASO": [742, -0.1112842794759825], "BREWSTER": [3, -0.39635000000000004], "HUDSPETH": [1, 0.2023], "CULBERSON": [1, 0.8091]}