{"TRAVIS": [3924, -0.053810021097046426], "DALLAS": [6537, -0.037463239757207965], "COLLIN": [960, -0.07818977635782749], "DENTON": [559, -0.06358186046511628], "GRAYSON": [33, -0.11416190476190477], "ROCKWALL": [89, -0.20205], "ELLIS": [56, -0.030615625000000004], "NAVARRO": [84, -0.04692777777777778], "VAN ZANDT": [1, -0.5991], "KAUFMAN": [44, 0.13396666666666665], "HENDERSON": [9, 0.2728833333333333], "HUNT": [80, -0.006489189189189185], "WOOD": [2, -0.406], "LAMAR": [14, -0.29261], "RAINS": [1, 0.4939], "CAMP": [31, 0.04106666666666666], "TITUS": [27, 0.19025789473684207], "FRANKLIN": [14, 0.016860000000000007], "BOWIE": [142, -0.025215476190476187], "CASS": [3, -0.1376], "MARION": [7, -0.244725], "MORRIS": [10, 0.21075], "GREGG": [174, -0.0956804597701149], "PANOLA": [7, -0.09688000000000001], "UPSHUR": [18, -0.06188888888888891], "HARRISON": [92, 0.015439999999999995], "RUSK": [4, -0.4041], "SMITH": [382, -0.04024909909909911], "CHEROKEE": [6, 0.401], "NACOGDOCHES": [258, -0.015382876712328766], "ANDERSON": [18, -0.18007142857142858], "LEON": [1, 0.0], "TRINITY": [7, 0.03150000000000001], "HOUSTON": [16000, -0.044531278120313114], "FREESTONE": [66, -0.057529999999999984], "MADISON": [4, 0.10643333333333332], "ANGELINA": [86, 0.06804905660377358], "NEWTON": [27, -0.02394782608695652], "SABINE": [1, 0.0], "POLK": [17, -0.15460000000000002], "SHELBY": [1, -0.2755], "TARRANT": [6781, -0.046423108722612835], "PARKER": [37, -0.035140000000000005], "JOHNSON": [65, -0.1424714285714286], "HOOD": [26, -0.39363], "SOMERVELL": [2, 0.0772], "HILL": [47, 0.02527391304347827], "CLAY": [25, -0.08839500000000002], "WICHITA": [229, 0.011859701492537313], "ARCHER": [24, 0.7592], "WILBARGER": [13, 0.10356666666666668], "BAYLOR": [1, 0.0], "HASKELL": [1, -0.8844], "ERATH": [35, -0.006922222222222231], "BROWN": [22, -0.06381999999999999], "EASTLAND": [12, 0.10414444444444444], "COMANCHE": [1, 0.0], "CALLAHAN": [9, 0.23472500000000002], "BELL": [587, -0.059367868852458976], "MILAM": [1, 0.7506], "CORYELL": [207, -0.052929787234042555], "MCLENNAN": [367, -0.012642245989304806], "WILLIAMSON": [669, -0.04309115044247787], "LAMPASAS": [42, 0.20972], "FALLS": [2, 0.5378], "BOSQUE": [1, -0.1779], "LIMESTONE": [45, -0.16114285714285717], "SAN SABA": [2, -0.17], "COLEMAN": [22, -0.7778], "CONCHO": [3856, -0.13053102086858429], "KIMBLE": [1, -0.2023], "TOM GREEN": [4121, 0.03902689655172414], "SUTTON": [3, 0.0], "HARRIS": [16000, -0.03980956521739132], "FORT BEND": [684, -0.04963], "MONTGOMERY": [238, -0.09055365853658535], "WALKER": [359, -0.0679216049382716], "GRIMES": [436, -0.008098706896551736], "HARDIN": [2, 0.7845], "MATAGORDA": [60, 0.06582592592592593], "AUSTIN": [3473, 0.020286627906976745], "WHARTON": [37, -0.02672380952380953], "BRAZORIA": [243, -0.04592131147540982], "WALLER": [909, -0.005472843450479241], "GALVESTON": [1030, -0.01605608695652173], "ORANGE": [522, -0.1034734082397004], "JEFFERSON": [7, 0.050850000000000006], "BRAZOS": [512, -0.05920547945205486], "LEE": [10, -0.6086], "VICTORIA": [76, -0.011417777777777778], "DE WITT": [33, 0.20489166666666667], "JACKSON": [44, 0.14151249999999999], "CALHOUN": [1, 0.7149], "BEXAR": [3487, -0.07331922829581984], "BANDERA": [17, 0.3421428571428572], "KENDALL": [6, -0.16667500000000002], "ATASCOSA": [1, -0.9213], "KERR": [25, -0.31692499999999996], "LIVE OAK": [1, 0.0], "WEBB": [60, -0.22188292682926827], "ZAPATA": [2, -0.2827], "COMAL": [87, -0.17040000000000002], "BEE": [15, -0.08702222222222222], "GUADALUPE": [157, -0.163462962962963], "KARNES": [2, -0.7625], "WILSON": [8, -0.0713], "NUECES": [381, -0.0402523148148148], "SAN PATRICIO": [22, -0.12456], "BROOKS": [2, -0.38585], "ARANSAS": [1, -0.95], "KLEBERG": [43, -0.11166666666666665], "HIDALGO": [354, -0.028306097560975626], "CAMERON": [50, -0.030587500000000004], "HAYS": [637, -0.031798850574712635], "CALDWELL": [790, -0.10169849624060152], "GILLESPIE": [2, 0.5754], "UVALDE": [1, -0.4828], "DIMMIT": [1, 0.5423], "ZAVALA": [1, 0.5514], "KINNEY": [14, -0.0035222222222222412], "MAVERICK": [3, -0.18155], "FAYETTE": [1, -0.836], "GRAY": [19, 0.4777666666666667], "WHEELER": [5, -0.3062], "LIPSCOMB": [1, 0.2905], "HUTCHINSON": [4, -0.29353333333333337], "POTTER": [114, -0.04652054794520549], "HEMPHILL": [1, -0.296], "RANDALL": [40, 0.038845], "HALE": [37, -0.18349285714285715], "DEAF SMITH": [5, -0.239425], "LAMB": [287, -0.15081105263157893], "OCHILTREE": [2, 0.2202], "CARSON": [1, -0.631], "SWISHER": [1, 0.0], "CHILDRESS": [4, 0.24280000000000002], "DONLEY": [5, 0.0], "HALL": [5, 0.4404], "HOCKLEY": [746, -0.10057344632768352], "TERRY": [1, 0.0], "LUBBOCK": [893, -0.03456461538461537], "GARZA": [2, -0.1779], "DAWSON": [4, -0.7324999999999999], "GAINES": [26, -0.33621538461538464], "LYNN": [1, -0.3899], "NOLAN": [7, -0.08999999999999998], "TAYLOR": [106, 0.017850000000000005], "HOWARD": [1, 0.0], "MITCHELL": [1, -0.2732], "SCURRY": [8, 0.24528000000000003], "FISHER": [6, 0.018799999999999983], "MIDLAND": [191, -0.10258640776699027], "ANDREWS": [1, 0.7783], "REEVES": [16, -0.058133333333333315], "WARD": [11, -0.08387999999999998], "PECOS": [4, 0.0], "ECTOR": [87, -0.17526666666666668], "WINKLER": [3, -0.68825], "UPTON": [2, -0.6249], "LOVING": [1, 0.0], "EL PASO": [630, -0.025190361445783155], "BREWSTER": [30, -0.08326875], "HUDSPETH": [8, -0.891]}