{"TRAVIS": [55, -0.0063142857142856985], "DALLAS": [70, -0.18104166666666663], "COLLIN": [6, -0.2604333333333333], "DENTON": [5, 0.0], "LAMAR": [2, -0.765], "BOWIE": [2, 0.0], "GREGG": [2, 0.0], "SMITH": [3, -0.4738], "NACOGDOCHES": [3, -0.43435], "HOUSTON": [84, 0.07387428571428573], "POLK": [6, 0.0030799999999999938], "TARRANT": [19, -0.1462583333333333], "HILL": [3, -0.1806], "CLAY": [50, -0.009896551724137934], "BELL": [3, 0.0], "MCLENNAN": [2, 0.7989], "MILLS": [2, 0.5994], "TOM GREEN": [3, 0.34], "MONTGOMERY": [7, -0.2213166666666667], "WALKER": [18, -0.1139], "GRIMES": [2, 0.34], "GALVESTON": [7, -0.01755000000000001], "BRAZOS": [3, 0.0], "CALHOUN": [2, 0.0], "BEXAR": [20, 0.17025833333333332], "BANDERA": [2, 0.0], "WEBB": [3, 0.2787], "COMAL": [6, 0.14985], "HIDALGO": [5, 0.38986666666666664], "POTTER": [2, -0.3182], "HEMPHILL": [2, 0.0], "LAMB": [73, 0.0031642857142857132], "LUBBOCK": [8, 0.26866666666666666], "TAYLOR": [2, -0.2023], "EL PASO": [3, -0.35015]}