{"TRAVIS": [101, 0.10227837837837837], "DALLAS": [101, 0.22661090909090903], "COLLIN": [15, 0.18544545454545458], "DENTON": [10, 0.1862], "ROCKWALL": [2, 0.2023], "ELLIS": [9, 0.045533333333333335], "NAVARRO": [3, -0.28595], "VAN ZANDT": [2, -0.3182], "KAUFMAN": [4, -0.2411], "HUNT": [3, 0.0], "BOWIE": [2, 0.0], "CHEROKEE": [2, 0.0], "NACOGDOCHES": [4, 0.0], "HOUSTON": [20, 0.1292125], "ANGELINA": [3, 0.4754], "POLK": [24, 0.25185882352941175], "TARRANT": [27, 0.11591666666666667], "HILL": [4, -0.2521], "CLAY": [30, 0.08241111111111112], "WICHITA": [2, 0.0], "BELL": [29, -0.61155], "MCLENNAN": [7, 0.5484600000000001], "WILLIAMSON": [4, 0.0], "CONCHO": [3, 0.3753], "TOM GREEN": [4, -0.2732], "FORT BEND": [11, 0.0754], "MONTGOMERY": [31, 0.062468], "WALKER": [55, 0.1653846153846154], "LIBERTY": [4, 0.387], "GRIMES": [13, 0.1026375], "AUSTIN": [101, 0.0], "BRAZORIA": [2, 0.5719], "WALLER": [8, 0.20040000000000002], "GALVESTON": [5, -0.007466666666666659], "ORANGE": [3, 0.1038], "JEFFERSON": [3, 0.1773], "BEXAR": [27, 0.043929166666666665], "BANDERA": [10, 0.10852857142857143], "KENDALL": [3, 0.7531], "WEBB": [2, -0.0495], "COMAL": [8, 0.26339999999999997], "GUADALUPE": [7, 0.4061], "NUECES": [5, 0.2628], "HIDALGO": [101, 0.09286666666666665], "CAMERON": [3, -0.5719], "BASTROP": [2, -0.6369], "BURNET": [2, 0.5267], "HAYS": [5, -0.7804], "TERRELL": [2, 0.0], "POTTER": [2, 0.296], "LAMB": [101, 0.1552974025974026], "CROSBY": [2, 0.0], "LUBBOCK": [9, 0.002357142857142883], "GAINES": [2, 0.4404], "NOLAN": [2, -0.7783], "TAYLOR": [2, -0.4767], "MIDLAND": [2, 0.0], "MARTIN": [2, 0.5994], "EL PASO": [9, 0.1924125], "HUDSPETH": [3, -0.886]}