{"TRAVIS": [101, 0.05251875000000002], "DALLAS": [101, 0.03184931506849315], "COLLIN": [101, -0.05458787878787879], "DENTON": [101, 0.0381923076923077], "GRAYSON": [29, 0.05577499999999999], "ROCKWALL": [67, 0.1660388888888889], "ELLIS": [64, -0.06865624999999999], "NAVARRO": [5, -0.33525], "VAN ZANDT": [6, -0.274825], "KAUFMAN": [83, -0.2288428571428571], "HENDERSON": [13, -0.04339999999999999], "HUNT": [94, -0.3026285714285714], "WOOD": [2, -0.3111], "LAMAR": [15, 0.24345000000000003], "FANNIN": [3, 0.6696], "DELTA": [2, -0.5294], "HOPKINS": [7, -0.1237], "RAINS": [3, 0.4215], "CAMP": [2, 0.5719], "BOWIE": [33, -0.06129411764705881], "CASS": [4, -0.1681], "GREGG": [19, -0.054625], "PANOLA": [16, -0.2583285714285714], "UPSHUR": [3, 0.0], "HARRISON": [23, -0.10520000000000002], "RUSK": [2, 0.0], "SMITH": [101, -0.04711875], "CHEROKEE": [4, -0.32216666666666666], "NACOGDOCHES": [98, 0.14013142857142857], "ANDERSON": [9, -0.14441666666666667], "LEON": [2, -0.5191], "TRINITY": [3, 0.0], "HOUSTON": [101, -0.07646904761904762], "FREESTONE": [4, 0.17043333333333335], "ANGELINA": [101, 0.46324], "NEWTON": [3, 0.031], "JASPER": [14, -0.22326666666666664], "POLK": [101, -0.07008444444444444], "SHELBY": [4, 0.3612], "TYLER": [15, 0.3182], "TARRANT": [101, 0.05390000000000001], "PARKER": [50, -0.0744846153846154], "JOHNSON": [101, -0.039975], "WISE": [17, 0.3612], "HOOD": [5, 0.191775], "SOMERVELL": [3, 0.4404], "HILL": [95, 0.05482058823529411], "MONTAGUE": [3, -0.01865], "HUDSPETH": [45, 0.03270666666666668], "KENDALL": [23, -0.04398181818181817], "GONZALES": [9, -0.07200000000000002], "ANDREWS": [2, 0.0], "MATAGORDA": [10, -0.004779999999999995], "GALVESTON": [101, 0.026900000000000004], "BLANCO": [28, 0.12472857142857142], "ZAVALA": [3, 0.0], "STONEWALL": [2, 0.0], "ORANGE": [59, -0.08418823529411765], "MCLENNAN": [78, 0.007204166666666669], "MILAM": [4, 0.1318], "UVALDE": [10, -0.17679999999999998], "KINNEY": [13, -0.07824], "LLANO": [6, 0.03689999999999999], "CHAMBERS": [9, 0.34236666666666665], "ERATH": [3, 0.4404], "EL PASO": [101, -0.03324629629629629], "JEFFERSON": [14, 0.26744], "POTTER": [81, 0.003168965517241379], "VICTORIA": [24, -0.21846666666666667], "LIBERTY": [49, 0.013240000000000007], "WHARTON": [6, -0.16443333333333335], "WASHINGTON": [44, 0.15493333333333334], "SAN PATRICIO": [101, 0.04304468085106384], "WILBARGER": [4, 0.2145], "HOWARD": [9, 0.0386], "KLEBERG": [7, 0.15400000000000003], "MEDINA": [4, -0.20095], "LEE": [16, 0.08360000000000001], "CAMERON": [54, 0.011379310344827585], "MONTGOMERY": [101, -0.1284050632911392], "BURNET": [11, -0.31245], "HEMPHILL": [2, -0.7623], "LIMESTONE": [3, -0.06280000000000001], "LAMB": [101, -0.09158800000000003], "STEPHENS": [2, 0.688], "LUBBOCK": [101, -0.014705128205128211], "JEFF DAVIS": [2, 0.0], "HARDIN": [46, 0.05205999999999998], "TOM GREEN": [101, -0.010238983050847455], "FISHER": [4, -0.6862], "COMAL": [101, -0.03264333333333334], "PARMER": [2, 0.8867], "HUTCHINSON": [7, 0.18094999999999997], "GRAY": [29, 0.043378947368421045], "GRIMES": [101, 0.054058333333333326], "MASON": [5, 0.0], "KERR": [10, 0.000185714285714297], "MILLS": [3, 0.2732], "TAYLOR": [75, 0.038575], "KENEDY": [5, 0.21075], "ATASCOSA": [93, 0.0], "FORT BEND": [101, -0.22802903225806445], "WILLIAMSON": [101, 0.060153333333333316], "COLEMAN": [5, -0.0682], "HASKELL": [40, 0.6249], "HOCKLEY": [25, 0.04577272727272727], "BURLESON": [2, 0.3182], "LAMPASAS": [5, -0.15975], "ARCHER": [101, 0.0029016393442622868], "JIM HOGG": [2, -0.7096], "JIM WELLS": [3, 0.2997], "RUNNELS": [3, 0.2287], "LIVE OAK": [2, 0.3123], "MAVERICK": [19, 0.0454], "CORYELL": [58, -0.023760000000000014], "NUECES": [101, 0.07328913043478262], "ECTOR": [51, 0.03123], "CLAY": [101, -0.4588], "DALLAM": [5, -0.0086], "WEBB": [54, 0.038922222222222226], "REFUGIO": [6, -0.36695], "PALO PINTO": [2, 0.0], "GILLESPIE": [24, -0.263475], "WICHITA": [45, -0.15350625], "BREWSTER": [10, -0.15283333333333335], "EASTLAND": [5, 0.0], "BRAZORIA": [52, 0.19659444444444443], "WALLER": [101, -0.10876538461538464], "BELL": [92, -0.10262972972972974], "GUADALUPE": [56, 0.0231391304347826], "BASTROP": [12, 0.1351], "FAYETTE": [9, 0.12040000000000001], "MIDLAND": [101, 0.03935454545454547], "BEXAR": [101, -0.057247945205479454], "BANDERA": [38, 0.06493999999999998], "HARRIS": [101, -0.06092195121951218], "BROOKS": [2, -0.3818], "CONCHO": [101, 0.0025568965517241376], "KIMBLE": [3, 0.34], "RANDALL": [3, 0.6468], "BEE": [3, 0.0], "HARTLEY": [5, -0.0086], "HIDALGO": [101, -0.053980952380952366], "CALHOUN": [4, 0.2654], "WHEELER": [2, 0.0], "STARR": [101, 0.0975], "HAYS": [101, 0.044215384615384615], "BROWN": [3, -0.1023], "AUSTIN": [101, 0.04814025974025973], "SAN JACINTO": [7, 0.0], "WALKER": [101, -0.02456266666666668], "COMANCHE": [2, -0.6408], "REAL": [3, 0.8625], "KING": [2, 0.0], "CALDWELL": [101, -0.03931], "DUVAL": [3, 0.2997], "BRAZOS": [101, 0.04146969696969697], "WILSON": [4, -0.1806], "COOKE": [7, 0.21401666666666666]}