{"TRAVIS": [139, 0.12362454545454547], "DALLAS": [152, -0.012713265306122455], "COLLIN": [37, -0.20348333333333335], "DENTON": [9, 0.025733333333333334], "ELLIS": [12, -0.005174999999999985], "VAN ZANDT": [2, -0.2732], "HUNT": [2, 0.0], "LAMAR": [3, -0.2294], "HOPKINS": [2, 0.3034], "HARRISON": [2, -0.8619], "SMITH": [13, -0.20577499999999999], "NACOGDOCHES": [5, -0.13820000000000002], "ANDERSON": [5, -0.5654], "HOUSTON": [201, -0.02856386554621848], "POLK": [51, -0.004599999999999996], "TARRANT": [48, -0.266044], "JOHNSON": [14, 0.1806], "HOOD": [3, 0.0], "HILL": [25, 0.13022499999999998], "CLAY": [64, -0.10451063829787234], "WICHITA": [2, -0.4215], "BELL": [2, 0.0], "MCLENNAN": [5, 0.1936], "WILLIAMSON": [5, 0.6369], "MASON": [2, -0.4215], "CONCHO": [7, 0.09406666666666667], "KIMBLE": [2, -0.2263], "TOM GREEN": [11, 0.0], "WALLER": [7, -0.33518], "ORANGE": [6, -0.4449666666666667], "MIDLAND": [6, -0.12179999999999999], "WEBB": [6, 0.06596666666666667], "HAYS": [4, 0.3083], "LIBERTY": [3, 0.0], "LUBBOCK": [4, 0.34823333333333334], "STARR": [8, 0.07776000000000001], "SAN JACINTO": [2, -0.8065], "MONTGOMERY": [33, -0.040322222222222225], "BRAZOS": [8, 0.13001666666666664], "SAN PATRICIO": [4, 0.29810000000000003], "BLANCO": [2, 0.6908], "KLEBERG": [2, 0.5106], "BASTROP": [5, -0.23616666666666666], "BEXAR": [53, -0.008972222222222227], "FORT BEND": [15, -0.20346999999999998], "LAMB": [134, -0.10239892473118277], "MEDINA": [2, -0.0516], "HUDSPETH": [4, -0.0942], "GALVESTON": [4, 0.04903333333333332], "GUADALUPE": [2, 0.7056], "HIDALGO": [32, 0.16857], "HARDIN": [2, -0.7501], "HOWARD": [2, -0.4404], "ATASCOSA": [3, -0.7519], "WASHINGTON": [3, 0.0], "TAYLOR": [4, -0.3878333333333333], "COMAL": [6, -0.2732], "HUTCHINSON": [2, 0.5882], "BANDERA": [2, 0.1513], "BRAZORIA": [3, 0.3612], "CAMERON": [2, 0.8122], "WALKER": [63, 0.002848888888888881], "NUECES": [6, 0.0], "CHAMBERS": [3, -0.0516], "POTTER": [4, -0.5425], "EL PASO": [45, -0.06257368421052631], "KINNEY": [3, 0.5244], "AUSTIN": [137, 0.1295055555555556]}