{"TRAVIS": [16000, 0.1633456382175227], "SHERMAN": [13, 0.14222857142857143], "DALLAS": [16000, 0.13172980618124672], "COLLIN": [16000, 0.1617840287769786], "DENTON": [4857, 0.14911105263157884], "GRAYSON": [1407, 0.16360242914979747], "ROCKWALL": [1488, 0.17023199195171018], "ELLIS": [562, 0.18478206106870232], "NAVARRO": [307, 0.16564152542372884], "VAN ZANDT": [19, -0.020788888888888895], "KAUFMAN": [460, 0.11981774193548389], "HENDERSON": [135, 0.1336411764705882], "HUNT": [220, 0.05975512820512822], "WOOD": [6, -0.044475], "LAMAR": [90, 0.0861860465116279], "RED RIVER": [90, -0.0086], "FANNIN": [37, 0.1118], "DELTA": [4, 0.2193], "HOPKINS": [113, 0.14345238095238097], "RAINS": [20, 0.18309999999999998], "CAMP": [45, 0.0958225806451613], "TITUS": [153, 0.13609277108433734], "FRANKLIN": [132, 0.027380000000000005], "BOWIE": [730, 0.13828769230769228], "CASS": [42, 0.08560555555555555], "MARION": [28, 0.20146666666666666], "MORRIS": [31, 0.17458], "GREGG": [1859, 0.15189860465116267], "PANOLA": [32, 0.15950499999999998], "UPSHUR": [158, 0.22042978723404252], "HARRISON": [1759, 0.10791202531645568], "RUSK": [127, 0.14428852459016395], "SMITH": [2458, 0.14569881422924896], "CHEROKEE": [97, 0.05748936170212766], "NACOGDOCHES": [1493, 0.09995135802469134], "ANDERSON": [256, 0.0416778947368421], "LEON": [10, 0.24508000000000002], "TRINITY": [68, 0.21007272727272727], "HOUSTON": [16000, 0.114808715435772], "FREESTONE": [91, 0.10094848484848484], "MADISON": [99, 0.2074777777777778], "ANGELINA": [675, 0.19304285714285713], "NEWTON": [104, 0.17480508474576267], "SABINE": [4, 0.7474333333333334], "JASPER": [32, 0.14976666666666666], "POLK": [591, 0.0950171314741036], "SHELBY": [71, 0.1451818181818182], "TARRANT": [16000, 0.1490333887043189], "PARKER": [847, 0.17623787878787872], "JOHNSON": [877, 0.1505355], "WISE": [22, 0.18195454545454545], "HOOD": [255, 0.21669999999999998], "SOMERVELL": [9, -0.027349999999999985], "HILL": [199, 0.07201382978723407], "PALO PINTO": [24, -0.128], "CLAY": [1126, 0.14546206896551708], "MONTAGUE": [61, 0.2341181818181818], "COOKE": [203, 0.26117368421052634], "WICHITA": [1240, 0.10732653927813166], "ARCHER": [975, 0.1381857142857143], "WILBARGER": [101, 0.2311066666666667], "YOUNG": [19, 0.14905000000000002], "BAYLOR": [5, 0.07431999999999998], "HASKELL": [19, 0.25311333333333336], "ERATH": [81, 0.1204276595744681], "STEPHENS": [6, 0.1770333333333333], "JACK": [15, 0.18676], "SHACKELFORD": [12, 0.11648888888888889], "BROWN": [310, 0.15527582417582417], "EASTLAND": [69, 0.17604583333333332], "HAMILTON": [5, 0.11333333333333334], "COMANCHE": [33, 0.17841818181818184], "CALLAHAN": [71, 0.19336], "THROCKMORTON": [6, -0.6705], "BELL": [4821, 0.1344593406593406], "MILAM": [13, 0.031966666666666664], "CORYELL": [1305, 0.13921265060240962], "MCLENNAN": [2433, 0.14367703349282276], "WILLIAMSON": [6550, 0.1671985776128635], "LAMPASAS": [391, 0.23157037037037037], "FALLS": [7, 0.0903], "ROBERTSON": [2, -0.7269], "BOSQUE": [3, 0.6561], "LIMESTONE": [135, -0.006573076923076925], "MASON": [4, 0.0], "RUNNELS": [5, 0.0], "SAN SABA": [64, 0.19276923076923078], "MCCULLOCH": [23, 0.21816666666666665], "COLEMAN": [304, 0.09359999999999999], "LLANO": [143, 0.1357484848484849], "CONCHO": [16000, 0.1538888838782415], "MENARD": [116, 0.15374358974358976], "KIMBLE": [9, 0.15091666666666667], "EDWARDS": [5, 0.5314], "TOM GREEN": [16000, 0.19950791366906484], "REAGAN": [2, 0.0], "CROCKETT": [5, -0.0386], "SUTTON": [23, 0.16473333333333331], "HARRIS": [16000, 0.09900560747663546], "FORT BEND": [8924, 0.13452444347446516], "MONTGOMERY": [2600, 0.15907968749999993], "WALKER": [1722, 0.11297794632438736], "LIBERTY": [832, 0.15822701421800944], "SAN JACINTO": [251, 0.15552638888888884], "GRIMES": [2358, 0.12868815207780718], "HARDIN": [36, 0.072825], "MATAGORDA": [124, -0.006260606060606061], "COLORADO": [169, 0.20212142857142856], "AUSTIN": [16000, 0.15562928348909652], "WHARTON": [199, 0.084312], "BRAZORIA": [2372, 0.1148825046040515], "WALLER": [2631, 0.12119468085106362], "WASHINGTON": [114, 0.14774000000000004], "GALVESTON": [7766, 0.14399114452798667], "ORANGE": [2682, 0.10985612134344515], "JEFFERSON": [203, 0.1319595744680851], "BRAZOS": [3130, 0.14971285347043697], "BURLESON": [147, 0.1625458333333333], "LEE": [5, -0.296], "VICTORIA": [505, 0.11637689075630249], "REFUGIO": [6, 0.0], "DE WITT": [80, 0.15020625], "JACKSON": [57, -0.10286666666666668], "GOLIAD": [1, -0.3182], "CALHOUN": [55, 0.036330303030303046], "LA SALLE": [25, 0.15932222222222223], "BEXAR": [16000, 0.15009663418954794], "BANDERA": [101, 0.0829485294117647], "KENDALL": [175, 0.149525], "FRIO": [18, 0.11157142857142857], "MCMULLEN": [6, 0.50642], "ATASCOSA": [291, 0.42595], "MEDINA": [58, 0.26862857142857144], "KERR": [243, 0.14043975903614458], "LIVE OAK": [232, 0.18744615384615393], "WEBB": [5381, 0.08275429769392025], "ZAPATA": [42, 0.17141176470588235], "COMAL": [1705, 0.16317851373182546], "BEE": [253, -0.004583333333333335], "GUADALUPE": [1453, 0.1227156398104265], "KARNES": [49, 0.023559999999999994], "WILSON": [130, 0.19028769230769232], "GONZALES": [133, 0.18820277777777783], "NUECES": [6518, 0.14200000000000015], "JIM WELLS": [298, 0.17739487179487182], "SAN PATRICIO": [754, 0.07272978723404253], "KENEDY": [1, 0.0], "DUVAL": [309, 0.26770000000000005], "BROOKS": [40, 0.23549499999999995], "ARANSAS": [2, -0.1779], "JIM HOGG": [12, -0.10806666666666666], "KLEBERG": [413, 0.14845882352941178], "HIDALGO": [8769, 0.12462824145364944], "CAMERON": [3500, 0.1526208805031446], "STARR": [482, -0.021545833333333337], "BASTROP": [190, 0.24828333333333336], "BURNET": [67, 0.24982500000000002], "BLANCO": [8, -0.1326], "HAYS": [3406, 0.15178498263888884], "CALDWELL": [2833, 0.10513595890410958], "GILLESPIE": [128, 0.2827310344827586], "UVALDE": [15, 0.532], "DIMMIT": [84, 0.18689444444444442], "ZAVALA": [3, 0.0], "KINNEY": [245, 0.04958404255319149], "TERRELL": [1, -0.296], "MAVERICK": [601, 0.03152972027972029], "FAYETTE": [96, 0.10097000000000003], "OLDHAM": [1, 0.0], "GRAY": [1272, 0.30484705882352936], "WHEELER": [6, -0.1513], "LIPSCOMB": [5, 0.3960333333333333], "HUTCHINSON": [49, 0.07738181818181815], "PARMER": [6, 0.42815000000000003], "POTTER": [1632, 0.15923399999999993], "MOORE": [43, 0.1454666666666667], "HEMPHILL": [9, 0.2738428571428571], "RANDALL": [199, 0.16024125000000003], "HARTLEY": [24, 0.1282777777777778], "HALE": [130, 0.08414647887323944], "DALLAM": [27, 0.6988], "DEAF SMITH": [52, 0.10093333333333332], "CASTRO": [15, 0.08345714285714287], "LAMB": [4363, 0.08799592573491499], "OCHILTREE": [32, 0.29644444444444445], "CARSON": [7, 0.0], "HANSFORD": [16, 0.24843333333333337], "SWISHER": [7, 0.1645], "ROBERTS": [2, 0.5374], "COLLINGSWORTH": [8, 0.5368999999999999], "CHILDRESS": [30, 0.10463999999999998], "DICKENS": [3, -0.34], "FLOYD": [8, 0.28894], "COTTLE": [1, 0.8309], "HARDEMAN": [5, 0.2846], "DONLEY": [794, -0.4294], "HALL": [4, 0.0], "KING": [7, 0.0], "HOCKLEY": [3447, 0.15997659744408946], "TERRY": [103, -0.016995348837209302], "YOAKUM": [5, 0.30423999999999995], "BAILEY": [24, 0.2320333333333333], "LUBBOCK": [4226, 0.10501459227467813], "GARZA": [12, 0.27404999999999996], "DAWSON": [39, 0.030005882352941177], "GAINES": [290, 0.1681897435897436], "JONES": [33, 0.14942000000000005], "NOLAN": [97, 0.122472], "TAYLOR": [1346, 0.1491384810126582], "HOWARD": [130, 0.09765454545454545], "MITCHELL": [10, 0.23607142857142854], "SCURRY": [41, 0.2717777777777778], "FISHER": [100, -0.025985714285714303], "MIDLAND": [1893, 0.1348433060109289], "MARTIN": [15, 0.20385], "ANDREWS": [39, 0.20463333333333333], "REEVES": [62, 0.06090384615384615], "WARD": [44, 0.16301500000000002], "PECOS": [42, 0.27978571428571425], "CRANE": [6, 0.304375], "JEFF DAVIS": [1, 0.8221], "ECTOR": [866, 0.00474897959183674], "WINKLER": [39, 0.16634374999999998], "UPTON": [21, 0.125], "LOVING": [1, [0.5994], []], "EL PASO": [10898, 0.14628982696897377], "TYLER": [3, 0.0],