{"TRAVIS": [32000, -0.00578130408532905], "SHERMAN": [19, 0.12438], "DALLAS": [32000, -0.02390630744278252], "COLLIN": [32000, 0.007374335548172752], "DENTON": [32000, 0.017461655350792134], "GRAYSON": [2836, 0.044218727915194364], "ROCKWALL": [7669, 0.012622113821138214], "ELLIS": [1286, -0.007695192307692293], "NAVARRO": [993, -0.10577322834645668], "VAN ZANDT": [7, -0.11726666666666667], "KAUFMAN": [2307, 0.024361855670103096], "HENDERSON": [236, 0.04203684210526315], "HUNT": [684, 0.1063692307692308], "WOOD": [18, -0.05782222222222222], "LAMAR": [1439, -0.021921111111111106], "RED RIVER": [9, 0.103825], "FANNIN": [615, 0.13731538461538462], "DELTA": [1, -0.5137], "HOPKINS": [101, 0.03778695652173914], "RAINS": [19, -0.023299999999999987], "CAMP": [27, -0.06306470588235293], "TITUS": [307, -0.006112162162162164], "FRANKLIN": [288, 0.41285], "BOWIE": [1222, 0.03749322033898305], "CASS": [236, 0.27046818181818183], "MARION": [7, 0.030766666666666647], "MORRIS": [87, 0.035333333333333335], "GREGG": [5747, 0.03572118226600985], "PANOLA": [104, -0.11983636363636364], "UPSHUR": [195, 0.049725000000000005], "HARRISON": [5238, -0.048816504854368954], "RUSK": [95, 0.0886125], "SMITH": [8771, 0.001992738095238107], "CHEROKEE": [95, -0.03148787878787879], "NACOGDOCHES": [2643, 0.03273479381443298], "ANDERSON": [1919, -0.11296730769230766], "LEON": [2, -0.08399999999999999], "TRINITY": [126, -0.08470833333333333], "HOUSTON": [32000, -0.018269882118545532], "FREESTONE": [84, 0.08139268292682927], "MADISON": [14, 0.014674999999999994], "ANGELINA": [1329, 0.03679215686274511], "NEWTON": [554, -0.12328249999999999], "SAN AUGUSTINE": [1, -0.4019], "SABINE": [2, 0.3612], "JASPER": [118, 0.26109333333333334], "POLK": [319, -0.02071089108910889], "SHELBY": [66, 0.02662380952380951], "TYLER": [58, 0.0], "TARRANT": [32000, -0.009915297553851793], "PARKER": [5512, 0.01461578947368421], "JOHNSON": [4110, -0.003124307692307693], "WISE": [1163, 0.1408157894736842], "HOOD": [1067, 0.06834247787610621], "HILL": [292, 0.0703144578313253], "PALO PINTO": [290, 0.1612], "CLAY": [504, 0.05487071823204419], "MONTAGUE": [409, -0.30914545454545456], "COOKE": [984, 0.02083488372093023], "WICHITA": [3121, -0.005180186915887865], "ARCHER": [317, 0.13741666666666666], "WILBARGER": [172, 0.16020454545454546], "YOUNG": [16, 0.04804999999999998], "BAYLOR": [9, -0.06839999999999999], "HASKELL": [30, -0.1598222222222222], "ERATH": [254, 0.0020790697674418434], "STEPHENS": [44, 0.21739999999999998], "SHACKELFORD": [50, 0.5441333333333334], "BROWN": [432, -0.0439548387096774], "EASTLAND": [115, 0.1672341463414634], "HAMILTON": [1, -0.0431], "COMANCHE": [78, -0.011805882352941176], "CALLAHAN": [208, 0.09490714285714286], "BELL": [13913, -0.006022385321100913], "MILAM": [3, 0.04310000000000003], "CORYELL": [2398, 0.016600862068965515], "MCLENNAN": [6204, 0.00028405349794239005], "WILLIAMSON": [25023, 0.001383979328165376], "LAMPASAS": [1549, 0.07154999999999999], "FALLS": [40, 0.15244285714285713], "ROBERTSON": [483, -0.32986363636363636], "BOSQUE": [55, 0.2536], "LIMESTONE": [184, -0.04424545454545453], "MASON": [10, -0.93], "SAN SABA": [163, 0.008489473684210526], "COLEMAN": [438, -0.01661250000000003], "LLANO": [96, -0.10831538461538459], "CONCHO": [32000, 0.015653014492753584], "KIMBLE": [221, -0.027700000000000002], "TOM GREEN": [32000, 0.02628055555555557], "REAGAN": [1, -0.8151], "CROCKETT": [2, 0.0], "SUTTON": [10, 0.34371666666666667], "HARRIS": [32000, -0.04161398963730567], "FORT BEND": [28557, -0.01211819209039555], "MONTGOMERY": [21246, -0.004158341708542705], "WALKER": [3195, -0.029320429009193058], "LIBERTY": [5765, -0.04711555555555555], "SAN JACINTO": [639, 0.05520357142857145], "GRIMES": [5422, 0.040803253292021696], "HARDIN": [324, 0.32110500000000003], "MATAGORDA": [442, 0.05700000000000001], "COLORADO": [68, -0.24684], "AUSTIN": [32000, 0.014702325581395358], "WHARTON": [243, 0.003956862745098039], "BRAZORIA": [3966, -0.004780903490759756], "WALLER": [4177, -0.015771689497716904], "WASHINGTON": [457, -0.04087530864197532], "GALVESTON": [13266, -0.016396039603960383], "ORANGE": [7718, 0.021966627906976764], "JEFFERSON": [279, -0.09689999999999999], "BRAZOS": [7011, 0.007241806020066885], "BURLESON": [21, 0.0], "LEE": [173, -0.07555], "VICTORIA": [1867, 0.01687715736040612], "REFUGIO": [9, -0.276125], "DE WITT": [117, 0.027550000000000005], "GOLIAD": [4, 0.3715], "CALHOUN": [183, 0.031158333333333326], "LA SALLE": [21, 0.06392727272727274], "BEXAR": [32000, -0.018303724137931042], "BANDERA": [49, -0.04910909090909091], "KENDALL": [667, 0.0516030612244898], "FRIO": [2, 0.6597], "MCMULLEN": [2, -0.4767], "ATASCOSA": [41, 0.20057777777777777], "MEDINA": [208, 0.007104999999999989], "KERR": [659, 0.0246348623853211], "LIVE OAK": [2035, -0.06466046511627907], "WEBB": [4028, -0.02232110778443113], "ZAPATA": [33, 0.031741176470588224], "COMAL": [4370, -0.010317335766423345], "BEE": [122, -0.15897499999999998], "GUADALUPE": [4660, 0.045560810810810815], "KARNES": [51, 0.02961578947368421], "WILSON": [127, 0.039904], "GONZALES": [276, -0.15769523809523808], "NUECES": [19847, 0.00665533028122957], "JIM WELLS": [1026, -0.179175], "SAN PATRICIO": [2714, -0.13572894736842098], "DUVAL": [399, 0.057450000000000015], "BROOKS": [18, -0.14123999999999998], "ARANSAS": [8, 0.073725], "KLEBERG": [1851, -0.0410276923076923], "HIDALGO": [15285, -0.014488145454545461], "CAMERON": [7232, -0.009201052631578922], "STARR": [229, 0.01072777777777778], "BASTROP": [1378, 0.07859444444444444], "BURNET": [217, 0.17196875], "HAYS": [10503, -0.02835087055261166], "CALDWELL": [8717, -0.009224369747899166], "GILLESPIE": [259, -0.0898216216216216], "UVALDE": [22, 0.20426666666666662], "DIMMIT": [55, -0.19025454545454545], "ZAVALA": [19, -0.4696], "KINNEY": [599, -0.05999411764705882], "REAL": [1, 0.0], "MAVERICK": [567, -0.01542745098039215], "FAYETTE": [141, 0.13001176470588233], "GRAY": [2847, -0.06864375], "WHEELER": [5, -0.08925], "HUTCHINSON": [145, 0.059090624999999994], "POTTER": [6245, 0.020691928251121074], "MOORE": [195, -0.022384615384615374], "HEMPHILL": [32, -0.07529999999999995], "RANDALL": [329, 0.11918247422680413], "HARTLEY": [52, -0.036258333333333316], "HALE": [147, 0.00468524590163935], "DEAF SMITH": [40, -0.0710222222222222], "CASTRO": [10, 0.2831666666666666], "LAMB": [3250, -0.028070387038703855], "OCHILTREE": [26, -0.04767272727272727], "CARSON": [12, -0.01563636363636364], "HANSFORD": [11, -0.19063333333333332], "SWISHER": [8, -0.6956], "ROBERTS": [2, 0.0], "CHILDRESS": [71, 0.012472222222222221], "FLOYD": [4, -0.148], "HARDEMAN": [3, 0.0], "KING": [1, -0.2263], "HOCKLEY": [18896, 0.032899729912221516], "TERRY": [6, -0.10149999999999999], "YOAKUM": [1, 0.0], "BAILEY": [8, -0.06653333333333332], "LUBBOCK": [19568, 0.01680126582278482], "GARZA": [5, 0.5456666666666666], "DAWSON": [37, -0.10095000000000004], "GAINES": [608, 0.15422118644067798], "LYNN": [2, -0.2096], "JONES": [24, -0.18856000000000003], "NOLAN": [310, 0.07491578947368421], "TAYLOR": [3609, 0.034841594827586204], "HOWARD": [456, -0.07337142857142855], "MITCHELL": [16, 0.14790999999999999], "SCURRY": [94, 0.03861666666666667], "FISHER": [307, 0.1531], "MIDLAND": [7752, 0.023295244385733146], "MARTIN": [7, 0.05023333333333333], "ANDREWS": [39, 0.02655], "REEVES": [123, 0.02025312500000001], "WARD": [59, -0.08943157894736843], "PECOS": [93, -0.11363478260869565], "CRANE": [5, 0.3612], "ECTOR": [3512, 0.0847], "WINKLER": [243, -0.018625000000000003], "UPTON": [7, 0.5574], "LOVING": [2, -0.802], "EL PASO": [26702, -0.022550425531914945], "BREWSTER": [608, -0.04026724137931034], "HUDSPETH": [842, -0.07825], "PRESIDIO": [627, 0.039509090909090896]}