{"TRAVIS": [23, 0.22286666666666666], "DALLAS": [805, 0.2731670926517571], "COLLIN": [65, 0.41392173913043473], "DENTON": [7, 0.6825], "TITUS": [3, 0.093], "MORRIS": [1, 0.0], "SMITH": [3, -0.1344], "HOUSTON": [63, 0.17630869565217389], "TARRANT": [79, 0.2584260869565217], "HOOD": [3, 0.17], "CLAY": [2, 0.63715], "WICHITA": [8, 0.3392], "CONCHO": [29, 0.3557], "TOM GREEN": [32, 0.2732], "MONTGOMERY": [5, 0.0], "GRIMES": [3, -0.4588], "AUSTIN": [16, 0.2263], "GALVESTON": [1, 0.0], "BEXAR": [7, 0.25392000000000003], "WEBB": [2, 0.0], "POTTER": [2, 0.382], "LAMB": [5, -0.0276], "HOCKLEY": [1, 0.0]}