{"TRAVIS": [31, 0.08007777777777776], "DALLAS": [25, 0.0716], "COLLIN": [2, 0.2732], "DENTON": [5, 0.11516666666666668], "ELLIS": [2, 0.0], "GREGG": [2, 0.6369], "NACOGDOCHES": [2, 0.0], "ANDERSON": [2, 0.0], "HOUSTON": [11, -0.09613], "AUSTIN": [30, 0.06926538461538462], "MONTGOMERY": [10, 0.18012222222222218], "WALLER": [6, -0.2202], "STARR": [3, 0.0], "GALVESTON": [3, 0.4939], "MIDLAND": [2, 0.5106], "HILL": [2, 0.0], "ARCHER": [9, 0.08282857142857143], "WISE": [2, -0.4019], "WILLIAMSON": [2, 0.3612], "HIDALGO": [5, -0.46940000000000004], "KINNEY": [2, -0.0772], "NUECES": [2, 0.0], "EL PASO": [13, 0.20631666666666668], "BRAZOS": [2, 0.0], "BEE": [2, 0.7707], "LUBBOCK": [2, -0.1027], "FALLS": [7, -0.20095], "HARRIS": [21, 0.05306428571428573], "COLORADO": [4, 0.6369], "LAMB": [21, -0.11939999999999999], "BEXAR": [10, 0.28071428571428575], "CONCHO": [3, -0.296], "TARRANT": [5, 0.47746666666666665], "WALKER": [21, 0.1746235294117647]}