{"TRAVIS": [4886, 0.11429654731457818], "SHERMAN": [1, 0.0], "DALLAS": [8533, 0.07615573360040087], "COLLIN": [1251, 0.10666630669546441], "DENTON": [867, 0.08886936416184973], "GRAYSON": [95, -0.051928125000000006], "ROCKWALL": [132, 0.1773233333333333], "ELLIS": [173, 0.022325438596491224], "NAVARRO": [32, -0.044205263157894734], "VAN ZANDT": [2, 0.5386500000000001], "KAUFMAN": [124, 0.03457894736842106], "HENDERSON": [5, -0.032], "HUNT": [33, -0.08258571428571428], "WOOD": [1, -0.7227], "LAMAR": [29, 0.15028000000000002], "FANNIN": [2, 0.6483], "HOPKINS": [15, 0.13935], "CAMP": [7, -0.17012], "TITUS": [27, 0.1622], "BOWIE": [64, -0.026699999999999995], "CASS": [15, 0.003936363636363627], "GREGG": [137, 0.015345454545454546], "PANOLA": [3, 0.3306], "UPSHUR": [11, 0.0], "HARRISON": [107, 0.10695333333333336], "RUSK": [4, 0.41053333333333336], "SMITH": [293, 0.11848918918918921], "CHEROKEE": [2, -0.4063], "NACOGDOCHES": [93, 0.06957647058823528], "ANDERSON": [43, 0.06721935483870968], "TRINITY": [2, 0.3612], "HOUSTON": [13753, 0.07275384742951928], "FREESTONE": [33, 0.11495882352941177], "MADISON": [6, -0.11148], "ANGELINA": [27, 0.021979999999999993], "NEWTON": [15, -0.1614727272727273], "SAN AUGUSTINE": [1, 0.4019], "JASPER": [6, 0.0], "POLK": [84, 0.03747346938775511], "SHELBY": [10, 0.37283999999999995], "TARRANT": [4176, 0.07296281494352731], "PARKER": [215, 0.1482047619047619], "JOHNSON": [228, 0.09085384615384615], "WISE": [20, 0.005550000000000011], "HOOD": [23, -0.01795714285714286], "HILL": [55, 0.07829354838709675], "CLAY": [155, 0.10312500000000004], "MONTAGUE": [6, 0.0], "COOKE": [36, -0.20335], "WICHITA": [138, 0.12327560975609757], "ARCHER": [153, 0.13396666666666665], "KNOX": [1, 0.0], "WILBARGER": [25, -0.07555], "YOUNG": [8, 0.0], "HASKELL": [5, 0.35950000000000004], "ERATH": [108, 0.09818484848484851], "STEPHENS": [8, 0.14996666666666666], "JACK": [6, 0.0], "BROWN": [18, 0.0784], "EASTLAND": [13, 0.15785000000000002], "HAMILTON": [1, 0.0], "COMANCHE": [4, 0.508], "CALLAHAN": [7, 0.2023], "BELL": [364, 0.029114044943820222], "MILAM": [9, -0.030200000000000005], "CORYELL": [113, 0.13148518518518523], "MCLENNAN": [268, 0.11825912408759126], "WILLIAMSON": [634, 0.11451029411764707], "LAMPASAS": [52, 0.162925], "FALLS": [1, 0.0], "ROBERTSON": [2, 0.8679], "BOSQUE": [3, 0.4593], "LIMESTONE": [33, -0.2294], "RUNNELS": [2, 0.8432], "SAN SABA": [10, 0.3506666666666667], "MCCULLOCH": [11, 0.209], "LLANO": [8, -0.007371428571428569], "CONCHO": [6319, 0.0632153962264151], "MENARD": [15, 0.281075], "TOM GREEN": [6519, 0.054133333333333325], "REAGAN": [3, 0.24695], "COKE": [2, -0.5719], "CROCKETT": [4, 0.022199999999999998], "SUTTON": [2, 0.0], "HARRIS": [14259, 0.026018487394957993], "FORT BEND": [1224, 0.1817266666666667], "MONTGOMERY": [971, 0.08592234432234439], "WALKER": [412, 0.08962086614173231], "LIBERTY": [204, 0.17803], "SAN JACINTO": [34, -0.46290000000000003], "GRIMES": [682, 0.07399646017699114], "HARDIN": [40, 0.01224705882352943], "MATAGORDA": [17, 0.008259999999999993], "COLORADO": [19, 0.30486], "AUSTIN": [4564, 0.06240483870967741], "WHARTON": [32, -0.0054090909090909085], "BRAZORIA": [129, 0.05935833333333333], "WALLER": [281, -0.03440508474576272], "WASHINGTON": [22, 0.04224166666666666], "GALVESTON": [467, 0.08649278350515459], "ORANGE": [292, 0.033295], "JEFFERSON": [40, 0.07507741935483872], "BRAZOS": [844, 0.09086176470588235], "BURLESON": [7, -0.3243], "VICTORIA": [72, 0.2021138888888889], "REFUGIO": [3, 0.0], "DE WITT": [6, -0.09564], "JACKSON": [5, 0.0], "GOLIAD": [2, -0.08895], "CALHOUN": [6, -0.009175000000000016], "LA SALLE": [5, -0.14049999999999999], "BEXAR": [5819, 0.07385718562874244], "BANDERA": [61, 0.02438888888888889], "KENDALL": [17, 0.5626571428571429], "FRIO": [4, 0.46996666666666664], "MCMULLEN": [3, -0.125], "ATASCOSA": [5, 0.11988000000000001], "MEDINA": [28, 0.16293000000000002], "KERR": [32, -0.0682235294117647], "LIVE OAK": [47, 0.13045], "WEBB": [949, 0.04980223463687151], "ZAPATA": [26, 0.23026666666666665], "COMAL": [480, 0.07763894736842106], "BEE": [55, 0.7184], "GUADALUPE": [469, 0.14494444444444443], "KARNES": [7, 0.09873333333333334], "WILSON": [9, -0.36167499999999997], "GONZALES": [8, 0.0], "NUECES": [730, 0.12176543624161078], "JIM WELLS": [54, -0.019079999999999996], "SAN PATRICIO": [92, 0.0016789473684210518], "BROOKS": [6, -0.0837], "KLEBERG": [103, 0.0536813953488372], "HIDALGO": [1480, 0.06827499999999995], "CAMERON": [519, 0.102308], "STARR": [76, -0.1456222222222222], "BASTROP": [24, 0.15710000000000002], "BURNET": [10, 0.2802333333333334], "BLANCO": [4, 0.0], "HAYS": [553, 0.07127107843137252], "CALDWELL": [516, 0.09042857142857141], "GILLESPIE": [7, -0.508825], "UVALDE": [28, 0.014522222222222214], "DIMMIT": [9, -0.10355], "ZAVALA": [10, 0.2562285714285714], "KINNEY": [53, 0.00358888888888888], "MAVERICK": [57, 0.06384634146341461], "FAYETTE": [16, -0.1591], "GRAY": [101, -0.17556666666666665], "HUTCHINSON": [3, 0.34645], "POTTER": [188, 0.15706666666666663], "MOORE": [4, 0.20763333333333334], "RANDALL": [22, 0.14673125], "HARTLEY": [3, -0.17975], "HALE": [27, 0.13934166666666667], "DEAF SMITH": [3, -0.4767], "LAMB": [718, 0.09624407114624504], "OCHILTREE": [3, 0.0], "CARSON": [1, -0.296], "HANSFORD": [1, 0.0], "SWISHER": [4, 0.0], "CHILDRESS": [3, 0.2781], "HOCKLEY": [501, 0.06263916666666668], "TERRY": [7, -0.15364], "BAILEY": [4, -0.9446], "LUBBOCK": [591, 0.1615448275862069], "GARZA": [1, 0.0], "DAWSON": [4, -0.27115], "GAINES": [29, 0.12580909090909087], "LYNN": [1, 0.0], "JONES": [6, 0.0], "NOLAN": [7, 0.05333333333333332], "TAYLOR": [159, 0.11734558823529415], "HOWARD": [24, -0.06164705882352943], "MITCHELL": [2, 0.5859], "SCURRY": [17, 0.09601000000000001], "MIDLAND": [457, 0.06138604651162791], "MARTIN": [2, 0.1099], "ANDREWS": [10, -0.29688000000000003], "REEVES": [16, -0.21136666666666667], "WARD": [6, 0.10533999999999999], "PECOS": [15, -0.007800000000000007], "JEFF DAVIS": [1, 0.7717], "ECTOR": [219, 0.15571666666666667], "WINKLER": [8, -0.255], "EL PASO": [1529, 0.09713369397217923], "BREWSTER": [14, -0.08346], "HUDSPETH": [78, -0.072625], "PRESIDIO": [17, 0.55295]}