{"TRAVIS": [101, 0.11724204545454545], "DALLAS": [101, 0.15443793103448278], "COLLIN": [40, 0.24310357142857145], "DENTON": [27, 0.11686666666666666], "GRAYSON": [5, 0.3125], "ROCKWALL": [6, 0.0], "ELLIS": [2, 0.4588], "NAVARRO": [2, 0.4215], "VAN ZANDT": [2, 0.5859], "KAUFMAN": [3, 0.6688], "HUNT": [3, 0.47015], "LAMAR": [5, 0.0], "RED RIVER": [2, 0.0], "BOWIE": [3, 0.7384], "GREGG": [2, 0.1531], "HARRISON": [3, -0.891], "SMITH": [11, 0.12437500000000001], "CHEROKEE": [2, 0.0], "NACOGDOCHES": [10, 0.27624285714285707], "HOUSTON": [101, 0.10478000000000003], "POLK": [4, -0.0086], "TARRANT": [64, 0.07725454545454548], "PARKER": [3, 0.29295], "JOHNSON": [2, 0.2732], "HILL": [5, -0.25085], "COOKE": [2, 0.1531], "WICHITA": [11, 0.3087285714285714], "BELL": [5, 0.13579999999999998], "CORYELL": [5, -0.17069999999999996], "MCLENNAN": [5, 0.2079], "WILLIAMSON": [14, 0.30428571428571427], "LLANO": [2, 0.0], "CONCHO": [16, 0.04033076923076923], "TOM GREEN": [22, 0.21145], "HARRIS": [101, 0.29647500000000004], "FORT BEND": [12, 0.3532714285714285], "MONTGOMERY": [38, 0.16687826086956523], "WALKER": [28, 0.25198333333333334], "LIBERTY": [9, 0.4695333333333333], "GRIMES": [27, 0.17876666666666666], "AUSTIN": [101, 0.08195], "BRAZORIA": [3, 0.07950000000000002], "WALLER": [9, 0.0], "GALVESTON": [12, 0.16763], "ORANGE": [6, 0.03062], "JEFFERSON": [2, 0.0772], "BRAZOS": [32, 0.0], "LEE": [5, 0.5994], "BEXAR": [101, 0.19347701149425287], "BANDERA": [2, 0.0], "KENDALL": [4, 0.7096], "KERR": [7, -0.29295], "WEBB": [9, 0.10315], "COMAL": [14, 0.23187500000000005], "GUADALUPE": [9, -0.0772], "NUECES": [19, -0.10341333333333333], "SAN PATRICIO": [22, 0.4046], "HIDALGO": [37, 0.009827586206896551], "CAMERON": [9, -0.26725], "STARR": [9, 0.0], "BASTROP": [11, 0.03135000000000001], "BLANCO": [2, 0.2263], "HAYS": [11, 0.2997], "KINNEY": [2, 0.128], "POTTER": [8, 0.1789166666666667], "RANDALL": [2, 0.0], "LAMB": [19, 0.2518533333333333], "CARSON": [2, 0.7964], "HOCKLEY": [5, 0.2792], "LUBBOCK": [22, 0.03493333333333334], "TAYLOR": [10, 0.06841666666666667], "MIDLAND": [17, -0.11131111111111111], "WINKLER": [2, -0.296], "EL PASO": [83, 0.07668928571428571], "BREWSTER": [3, 0.3612], "HUDSPETH": [2, 0.3612]}