{"TRAVIS": [7246, -0.035451099764336205], "DALLAS": [7186, -0.09027763157894715], "COLLIN": [1815, -0.05949102296450937], "DENTON": [419, -0.05864093959731544], "GRAYSON": [65, -0.20622], "ROCKWALL": [140, -0.2778875], "ELLIS": [48, -0.11386666666666666], "NAVARRO": [19, -0.35724285714285714], "VAN ZANDT": [5, 0.48600000000000004], "KAUFMAN": [81, -0.43000000000000005], "HENDERSON": [18, -0.1813111111111111], "HUNT": [39, -0.2902222222222222], "WOOD": [1, 0.25], "LAMAR": [20, -0.08979999999999998], "FANNIN": [12, 0.23315], "RAINS": [3, -0.3324], "TITUS": [16, 0.2087857142857143], "FRANKLIN": [14, -0.1591], "BOWIE": [48, -0.16376666666666664], "MARION": [8, 0.23026666666666665], "MORRIS": [3, -0.5988500000000001], "GREGG": [136, -0.09607868852459016], "PANOLA": [5, 0.1948], "UPSHUR": [18, -0.2512], "HARRISON": [87, -0.058975000000000014], "RUSK": [12, -0.20064444444444446], "SMITH": [340, -0.12962599999999996], "CHEROKEE": [9, -0.30532499999999996], "NACOGDOCHES": [85, -0.12076603773584905], "ANDERSON": [25, 0.21657142857142858], "LEON": [3, 0.07859999999999999], "TRINITY": [3, -0.2948], "HOUSTON": [8129, -0.10477882942262033], "FREESTONE": [4, -0.45124999999999993], "ANGELINA": [45, -0.07118846153846153], "NEWTON": [16, -0.028774999999999995], "POLK": [28, -0.1412], "SHELBY": [2, -0.8981], "TARRANT": [4235, -0.1016337283500455], "PARKER": [64, 0.10175454545454549], "JOHNSON": [97, 0.00897333333333333], "HOOD": [97, -0.1909722222222222], "HILL": [19, -0.12975714285714285], "PALO PINTO": [8, -0.19705000000000003], "CLAY": [45, 0.20250000000000004], "WICHITA": [162, -0.16854302325581394], "ARCHER": [41, -0.6249], "WILBARGER": [4, -0.1027], "YOUNG": [4, -0.7442], "HASKELL": [5, -0.2417], "ERATH": [16, -0.08419999999999998], "STEPHENS": [2, -0.3286], "SHACKELFORD": [4, 0.4019], "BROWN": [15, -0.16190000000000002], "EASTLAND": [10, -0.09217499999999998], "COMANCHE": [1, 0.9572], "CALLAHAN": [13, -0.2966], "BELL": [188, -0.14276067415730337], "CORYELL": [83, -0.24858333333333332], "MCLENNAN": [196, 0.0027600000000000133], "WILLIAMSON": [655, -0.07709397590361447], "LAMPASAS": [31, -0.543925], "ROBERTSON": [25, 0.4657], "BOSQUE": [2, 0.28385], "LIMESTONE": [15, -0.059199999999999996], "SAN SABA": [3, 0.22803333333333334], "MCCULLOCH": [2, -0.296], "COLEMAN": [19, -0.24200000000000002], "LLANO": [8, -0.19936666666666666], "CONCHO": [6217, -0.12356676176890144], "MENARD": [5, -0.31004999999999994], "KIMBLE": [1, 0.0], "TOM GREEN": [6404, -0.07373571428571428], "REAGAN": [1, -0.5627], "CROCKETT": [2, -0.25], "HARRIS": [8390, -0.12253990267639911], "FORT BEND": [167, -0.26876666666666665], "MONTGOMERY": [131, -0.2503086956521738], "WALKER": [118, -0.10143291139240505], "LIBERTY": [29, -0.5432], "SAN JACINTO": [16, 0.10333333333333339], "GRIMES": [314, -0.0989959770114942], "HARDIN": [6, -0.6307], "MATAGORDA": [38, -0.11634615384615382], "COLORADO": [1, 0.6369], "AUSTIN": [5342, -0.06781799999999999], "WHARTON": [33, -0.03217142857142857], "BRAZORIA": [152, -0.06580666666666664], "WALLER": [145, -0.05642926829268293], "WASHINGTON": [8, 0.18569999999999998], "GALVESTON": [409, -0.10938394160583938], "ORANGE": [178, -0.10780423728813561], "JEFFERSON": [4, 0.6197], "BRAZOS": [413, -0.07830449438202249], "VICTORIA": [34, -0.21400833333333333], "REFUGIO": [1, 0.0], "DE WITT": [18, 0.04361111111111111], "JACKSON": [2, 0.1154], "CALHOUN": [6, -0.06487499999999999], "BEXAR": [3161, -0.1101802342606148], "BANDERA": [5, -0.24203333333333335], "KENDALL": [48, -0.09181666666666666], "MCMULLEN": [1, -0.4767], "ATASCOSA": [1, -0.5766], "KERR": [19, -0.06746999999999999], "LIVE OAK": [5, -0.26335], "WEBB": [209, -0.10645833333333335], "ZAPATA": [4, -0.5457333333333333], "COMAL": [97, -0.027627272727272712], "BEE": [19, -0.03808888888888889], "GUADALUPE": [138, -0.20038181818181813], "KARNES": [14, -0.01651818181818182], "WILSON": [13, 0.09265000000000001], "NUECES": [659, -0.08240122950819673], "SAN PATRICIO": [65, 0.0321625], "BROOKS": [4, 0.21466666666666667], "KLEBERG": [55, -0.013006250000000021], "HIDALGO": [627, -0.06909179810725552], "CAMERON": [223, -0.15505918367346944], "STARR": [3, 0.0], "WILLACY": [1, -0.2244], "BASTROP": [5, 0.0], "HAYS": [242, -0.06518727272727272], "CALDWELL": [399, -0.09958552631578946], "GILLESPIE": [5, -0.4753], "UVALDE": [2, 0.11315], "KINNEY": [14, 0.42178571428571426], "MAVERICK": [16, -0.09146666666666665], "GRAY": [77, 0.004166666666666652], "HUTCHINSON": [11, -0.378975], "POTTER": [259, -0.044128037383177575], "RANDALL": [19, -0.18858333333333333], "HARTLEY": [6, 0.1531], "HALE": [7, -0.09423333333333334], "DEAF SMITH": [3, -0.23403333333333334], "LAMB": [235, 0.03973932584269661], "OCHILTREE": [2, 0.23835], "CARSON": [6, -0.20453333333333332], "KING": [1, 0.5994], "HOCKLEY": [452, -0.10940158730158728], "LUBBOCK": [556, -0.08483018867924524], "DAWSON": [3, 0.017133333333333334], "GAINES": [20, -0.31953846153846155], "LYNN": [2, -0.9259], "NOLAN": [6, 0.0], "TAYLOR": [276, -0.08916027397260276], "HOWARD": [8, 0.04673333333333334], "MITCHELL": [2, 0.055249999999999994], "SCURRY": [5, -0.63255], "MIDLAND": [272, -0.129890625], "REEVES": [6, -0.141075], "WARD": [4, 0.3062], "PECOS": [4, 0.03595000000000001], "ECTOR": [103, -0.60735], "WINKLER": [2, -0.03980000000000003], "EL PASO": [988, -0.07671412103746394], "BREWSTER": [12, -0.2801], "HUDSPETH": [36, -0.081925], "MEDINA": [1, 0.0], "SOMERVELL": [8, 0.0], "JIM HOGG": [1, [-0.7946], []]}