{"TRAVIS": [3701, -0.08809177865612644], "DALLAS": [1595, 0.023817159763313642], "COLLIN": [1147, -0.04295359116022098], "DENTON": [20, 0.3963375], "GRAYSON": [104, -0.16372857142857142], "ROCKWALL": [401, -0.008415999999999995], "ELLIS": [15, -0.22123999999999996], "NAVARRO": [10, -0.22387142857142855], "KAUFMAN": [7, -0.4144], "HENDERSON": [1, -0.5709], "HUNT": [2, -0.7777], "LAMAR": [6, -0.10606666666666666], "RED RIVER": [2, -0.4609], "FANNIN": [8, 0.24695], "RAINS": [4, -0.11623333333333334], "CAMP": [1, -0.5574], "TITUS": [23, -0.09668750000000001], "BOWIE": [50, -0.1372888888888889], "CASS": [1, 0.2732], "MARION": [1, -0.4588], "GREGG": [90, -0.032778723404255306], "PANOLA": [1, 0.0], "UPSHUR": [9, 0.317875], "HARRISON": [63, -0.1753428571428571], "SMITH": [289, -0.07073457943925235], "NACOGDOCHES": [4, -0.35355000000000003], "ANDERSON": [81, 0.02127037037037037], "LEON": [1, -0.5719], "HOUSTON": [2282, -0.04454540117416831], "FREESTONE": [8, 0.15144999999999997], "ANGELINA": [49, -0.06763000000000001], "NEWTON": [11, -0.36412500000000003], "POLK": [187, 0.08148253968253974], "TARRANT": [4155, -0.07925052910052911], "JOHNSON": [6, -0.3483], "HOOD": [78, -0.2674588235294118], "HILL": [6, 0.34365], "CLAY": [54, -0.13691136363636366], "MONTAGUE": [2, 0.0], "WICHITA": [128, 0.08799000000000003], "ARCHER": [71, -0.6729], "WILBARGER": [5, 0.7996], "ERATH": [1, -0.93], "BROWN": [23, -0.34452499999999997], "EASTLAND": [9, 0.21941428571428573], "COMANCHE": [1, 0.6407], "CALLAHAN": [7, -0.2383666666666667], "BELL": [11, -0.07741], "CORYELL": [15, -0.6437714285714286], "MCLENNAN": [158, -0.12062535211267604], "WILLIAMSON": [549, -0.0959842105263158], "LAMPASAS": [7, -0.43725], "FALLS": [6, -0.6124], "LIMESTONE": [6, -0.29295], "SAN SABA": [1, -0.2023], "MCCULLOCH": [3, -0.4588], "CONCHO": [7222, -0.13740487521764333], "TOM GREEN": [7049, -0.08960256410256408], "SUTTON": [7, -0.08950000000000001], "HARRIS": [2370, 0.003624423963133643], "FORT BEND": [55, 0.28592], "MONTGOMERY": [35, 0.10377727272727273], "WALKER": [61, 0.0669285714285714], "SAN JACINTO": [6, 0.9617], "GRIMES": [232, -0.06477537313432835], "HARDIN": [1, -0.8591], "MATAGORDA": [43, -0.19644999999999996], "AUSTIN": [3316, -0.08160187500000007], "WHARTON": [31, [0.4404, 0.3612, -0.7906, -0.3843, 0.0, 0.1689, 0.0, 0.2579, 0.0, 0.917, -0.4019], []], "COTTLE": [1, -0.6908], "BRAZOS": [248, -0.03948424657534247], "JEFFERSON": [1, 0.8131], "PECOS": [5, 0.09387999999999999], "KARNES": [4, 0.21332500000000001], "MOTLEY": [1, -0.8029], "COLEMAN": [23, -0.30789999999999995], "HARTLEY": [8, -0.0772], "LAMB": [670, -0.005050783699059537], "JASPER": [1, -0.6369], "PRESIDIO": [3, -0.1655666666666667], "ORANGE": [189, -0.17220491803278687], "HIDALGO": [625, -0.14078368794326243], "WALLER": [152, -0.12787076923076918], "POTTER": [358, -0.09610103092783506], "DIMMIT": [1, 0.0], "RANDALL": [22, 0.0413125], "WILSON": [12, -0.3118142857142857], "GALVESTON": [362, -0.0009731884057970872], "DONLEY": [1, 0.3612], "BANDERA": [18, -0.21829], "MEDINA": [1, 0.0], "LIVE OAK": [2, -0.9725], "HANSFORD": [2, -0.2787], "KERR": [13, -0.2063222222222222], "VICTORIA": [28, -0.20516875], "WINKLER": [55, -0.3215166666666667], "BEXAR": [2426, -0.06464606741573041], "BRAZORIA": [90, -0.08133714285714286], "KENDALL": [15, -0.16303333333333334], "JEFF DAVIS": [1, 0.8765], "PARKER": [1, -0.7469], "HALL": [2, 0.17370000000000002], "KINNEY": [12, 0.1246111111111111], "OCHILTREE": [5, 0.5052], "LIBERTY": [3, 0.12586666666666665], "SAN PATRICIO": [25, -0.1530727272727273], "KLEBERG": [11, 0.19579999999999997], "ARANSAS": [2, -0.3404], "TAYLOR": [220, -0.03279130434782609], "REEVES": [5, -0.4962], "BAILEY": [10, -0.2023], "WARD": [8, 0.44065], "SOMERVELL": [8, -0.4559], "CHILDRESS": [3, -0.043399999999999994], "DAWSON": [2, 0.1433], "CULBERSON": [1, 0.8091], "LUBBOCK": [410, -0.0895888888888889], "BASTROP": [2, 0.39644999999999997], "MAVERICK": [5, -0.04202], "HOWARD": [2, 0.10699999999999998], "ECTOR": [137, -0.20615945945945946], "GUADALUPE": [33, -0.18163636363636365], "HOCKLEY": [365, 0.26665], "GAINES": [19, -0.30167142857142853], "FISHER": [8, 0.380725], "WEBB": [64, 0.01563783783783784], "BEE": [7, -0.4732], "EL PASO": [753, -0.12876962025316452], "MIDLAND": [308, -0.04158250000000001], "MITCHELL": [5, -0.3453], "NOLAN": [18, 0.4449], "HAYS": [2, -0.38775], "DEAF SMITH": [1, 0.0], "CALDWELL": [136, -0.14611999999999994], "SCURRY": [3, -0.12726666666666667], "HUTCHINSON": [9, 0.2182666666666667], "HUDSPETH": [1, 0.2023], "KING": [1, 0.6652], "SABINE": [4, -0.436], "FRANKLIN": [15, -0.02235000000000001], "HALE": [3, -0.43733333333333335], "COMAL": [129, -0.05697407407407407], "WHEELER": [2, 0.1806], "CALHOUN": [7, -0.025066666666666664], "BREWSTER": [3, -0.5423], "NUECES": [773, -0.12706821705426358]}