{"TRAVIS": [4000, 0.12650484554815286], "DALLAS": [4000, 0.1122000576036868], "COLLIN": [4000, 0.12433804780876505], "DENTON": [3437, 0.10553507936507932], "GRAYSON": [66, 0.019040909090909088], "ROCKWALL": [581, 0.11835520833333334], "ELLIS": [94, 0.10297714285714285], "NAVARRO": [40, 0.24316000000000002], "VAN ZANDT": [1, 0.644], "KAUFMAN": [27, 0.03063333333333333], "HENDERSON": [7, 0.072275], "HUNT": [65, 0.22927333333333333], "LAMAR": [131, 0.24937647058823528], "FANNIN": [16, 0.1647], "HOPKINS": [13, 0.26352], "RAINS": [8, 0.853], "CAMP": [22, -0.11373333333333334], "TITUS": [26, -0.08630833333333333], "BOWIE": [78, 0.0535], "CASS": [22, 0.34658], "MARION": [2, 0.1511], "GREGG": [241, 0.1489548387096774], "PANOLA": [10, 0.1747], "HARRISON": [147, 0.16034285714285712], "RUSK": [3, 0.31983333333333336], "SMITH": [448, 0.07198026315789469], "CHEROKEE": [17, -0.1335666666666667], "NACOGDOCHES": [347, 0.16826265060240958], "ANDERSON": [34, 0.11269166666666668], "LEON": [1, 0.0], "HOUSTON": [4000, 0.1045030284675954], "FREESTONE": [10, -0.039633333333333326], "MADISON": [2, 0.0], "ANGELINA": [142, 0.021511428571428574], "NEWTON": [111, 0.09613333333333333], "JASPER": [3, 0.5983], "POLK": [18, 0.27477], "SHELBY": [1, 0.0], "TARRANT": [4000, 0.12263345900094239], "PARKER": [663, 0.05863714285714285], "JOHNSON": [221, 0.15835576923076924], "HOOD": [144, 0.11949666666666667], "SOMERVELL": [1, 0.6682], "HILL": [52, -0.03426363636363638], "CLAY": [7, 0.2512666666666667], "COOKE": [4, 0.26665], "WICHITA": [581, 0.12967765957446808], "WILBARGER": [13, -0.6999500000000001], "YOUNG": [5, 0.11449999999999999], "BAYLOR": [3, 0.6578], "HASKELL": [6, 0.20334999999999998], "ERATH": [31, -0.04450909090909091], "STEPHENS": [3, 0.6583], "BROWN": [24, 0.17102727272727272], "EASTLAND": [9, -0.15946666666666667], "HAMILTON": [1, 0.0], "COMANCHE": [13, 0.25835], "CALLAHAN": [12, 0.0], "BELL": [768, 0.15045590551181104], "MILAM": [1, 0.2144], "CORYELL": [119, -0.13267999999999996], "MCLENNAN": [414, 0.137372], "WILLIAMSON": [2617, 0.1305768916155418], "LAMPASAS": [75, 0.22055], "ROBERTSON": [1, 0.0451], "BOSQUE": [8, -0.4151], "LIMESTONE": [65, 0.31995], "MASON": [2, 0.29410000000000003], "SAN SABA": [12, 0.06743333333333333], "COLEMAN": [30, -0.26335], "LLANO": [5, -0.195525], "CONCHO": [4000, 0.06136327519379842], "MENARD": [2, 0.7835], "KIMBLE": [3, 0.0], "TOM GREEN": [4000, 0.009011428571428559], "SUTTON": [3, 0.5461], "HARRIS": [4000, 0.03283617021276596], "FORT BEND": [247, -0.10397692307692309], "MONTGOMERY": [339, 0.1069282258064516], "WALKER": [276, 0.11386913580246912], "LIBERTY": [52, -0.03009999999999996], "SAN JACINTO": [41, 0.06236666666666668], "GRIMES": [806, 0.10445299684542594], "MATAGORDA": [6, -0.3059], "COLORADO": [1, 0.0], "AUSTIN": [4000, 0.08804745762711864], "WHARTON": [40, 0.1586111111111111], "BRAZORIA": [408, 0.04981200000000001], "WALLER": [383, 0.07234019607843135], "WASHINGTON": [45, 0.38434999999999997], "GALVESTON": [965, 0.056954416961130724], "ORANGE": [266, 0.1199324324324324], "JEFFERSON": [6, 0.29496], "BRAZOS": [948, 0.11848970588235294], "BURLESON": [6, 0.2714], "LEE": [21, 0.0], "VICTORIA": [91, 0.22758749999999997], "REFUGIO": [3, 0.5138], "DE WITT": [1, 0.0], "CALHOUN": [20, -0.09866666666666667], "LA SALLE": [138, 0.3192], "BEXAR": [4000, 0.11859938697317993], "BANDERA": [6, 0.0], "KENDALL": [86, 0.08480833333333333], "FRIO": [1, 0.0], "ATASCOSA": [1, 0.5893], "MEDINA": [9, 0.19816666666666669], "KERR": [107, 0.1930586206896552], "WEBB": [747, 0.07584597701149427], "ZAPATA": [7, 0.25148000000000004], "COMAL": [475, 0.18471769911504424], "BEE": [11, 0.189875], "GUADALUPE": [349, 0.22422173913043478], "KARNES": [7, -0.26247999999999994], "WILSON": [16, 0.38915], "GONZALES": [19, 0.29635], "NUECES": [1486, 0.12770153374233134], "JIM WELLS": [17, 0.05057500000000001], "SAN PATRICIO": [182, 0.1819090909090909], "BROOKS": [1, 0.3612], "KLEBERG": [57, 0.041384615384615395], "HIDALGO": [2408, 0.12247057416267927], "CAMERON": [951, 0.08209471153846157], "STARR": [22, 0.1468], "BASTROP": [48, 0.07864285714285714], "BURNET": [8, 0.0], "BLANCO": [11, 0.25], "HAYS": [171, 0.09551111111111113], "CALDWELL": [841, 0.17300463576158936], "GILLESPIE": [21, -0.03962500000000001], "UVALDE": [12, 0.9081], "DIMMIT": [140, 0.4019], "KINNEY": [127, 0.02090256410256411], "MAVERICK": [171, 0.041422784810126595], "FAYETTE": [16, 0.1731], "GRAY": [19, 0.0], "HUTCHINSON": [10, -0.14266666666666666], "PARMER": [1, 0.0], "POTTER": [501, 0.1547619834710744], "RANDALL": [46, 0.029436842105263164], "HARTLEY": [6, 0.0], "HALE": [14, 0.003288888888888878], "DEAF SMITH": [5, 0.401], "CASTRO": [1, -0.5255], "LAMB": [163, 0.0716311475409836], "OCHILTREE": [1, -0.5871], "CARSON": [2, 0.7697], "HANSFORD": [2, 0.0], "SWISHER": [10, 0.0], "CHILDRESS": [11, 0.06119999999999999], "HALL": [1, 0.0], "KING": [2, -0.1027], "HOCKLEY": [964, 0.14763408360128621], "TERRY": [1, -0.5423], "YOAKUM": [2, 0.4019], "BAILEY": [5, -0.01344999999999999], "LUBBOCK": [1061, 0.19443928571428573], "DAWSON": [8, 0.0413], "GAINES": [27, 0.11213333333333335], "JONES": [5, 0.0], "NOLAN": [14, 0.26612499999999994], "TAYLOR": [596, 0.11989222222222229], "HOWARD": [19, 0.08521666666666666], "SCURRY": [26, -0.0304], "MIDLAND": [774, 0.07424649681528664], "ANDREWS": [3, 0.65645], "REEVES": [8, -0.23835], "PECOS": [9, 0.0], "JEFF DAVIS": [3, 0.8271], "ECTOR": [206, -0.035885714285714285], "WINKLER": [3, -0.296], "EL PASO": [4000, 0.12897466174661734], "BREWSTER": [113, 0.23238749999999997], "HUDSPETH": [297, 0.15725348837209305], "PRESIDIO": [129, 0.0], "CULBERSON": [1, -0.6705]}