{"TRAVIS": [16000, 0.16625278150134026], "SHERMAN": [4, -0.06412499999999997], "DALLAS": [16000, 0.11371435565382175], "COLLIN": [3698, 0.1828135568513121], "DENTON": [6977, 0.11542901741702274], "GRAYSON": [537, 0.1189515463917526], "ROCKWALL": [855, 0.08697156862745098], "ELLIS": [546, 0.0486904761904762], "NAVARRO": [634, 0.07125511811023619], "VAN ZANDT": [1, 0.0], "KAUFMAN": [119, -0.075453125], "HENDERSON": [4, -0.0794], "HUNT": [100, 0.18383783783783786], "WOOD": [3, -0.042666666666666665], "LAMAR": [43, 0.09561714285714285], "RED RIVER": [43, 0.1259], "FANNIN": [3, -0.1946], "DELTA": [8, 0.29857500000000003], "HOPKINS": [10, 0.5235500000000001], "RAINS": [26, -0.0008399999999999963], "CAMP": [96, 0.027], "TITUS": [303, 0.005492207792207794], "FRANKLIN": [140, 0.0025777777777777713], "BOWIE": [645, 0.059311377245509], "CASS": [11, 0.18748888888888887], "MARION": [49, 0.09666190476190477], "MORRIS": [108, 0.144105], "GREGG": [872, 0.10462453271028034], "PANOLA": [1, -0.077], "UPSHUR": [158, 0.086096], "HARRISON": [814, 0.08226322580645164], "RUSK": [12, -0.04347142857142856], "SMITH": [2528, 0.0582511087645195], "CHEROKEE": [115, 0.10331249999999999], "NACOGDOCHES": [1160, 0.08458943248532287], "ANDERSON": [164, 0.07644769230769233], "LEON": [33, 0.03510476190476189], "TRINITY": [12, 0.1573857142857143], "HOUSTON": [16000, 0.08492252559726945], "FREESTONE": [263, 0.06697499999999999], "MADISON": [10, 0.22504999999999997], "ANGELINA": [510, 0.05168413461538463], "NEWTON": [168, 0.07695000000000002], "SABINE": [13, -0.08748000000000003], "JASPER": [14, -0.03969999999999999], "POLK": [237, 0.08017200000000003], "SHELBY": [10, 0.09831666666666666], "TYLER": [4, 0.0], "TARRANT": [16000, 0.10176230839975527], "PARKER": [311, 0.08303725490196077], "JOHNSON": [232, -0.025858333333333313], "WISE": [12, -0.5719], "HOOD": [165, 0.0650265306122449], "SOMERVELL": [78, 0.17499411764705883], "HILL": [222, 0.07733084112149533], "PALO PINTO": [37, 0.1589], "CLAY": [181, 0.17669842519685033], "COOKE": [23, 0.20705555555555558], "WICHITA": [1352, 0.08333209647495372], "ARCHER": [171, 0.3323], "WILBARGER": [28, -0.10370714285714286], "YOUNG": [24, 0.140875], "BAYLOR": [3, -0.21713333333333332], "HASKELL": [33, 0.0900047619047619], "ERATH": [146, 0.11476179775280895], "STEPHENS": [29, 0.11112352941176468], "JACK": [4, 0.3081], "SHACKELFORD": [27, 0.315325], "BROWN": [172, 0.10668547008547008], "EASTLAND": [51, 0.056559259259259274], "COMANCHE": [113, 0.027063636363636356], "CALLAHAN": [137, 0.11278636363636366], "BELL": [2571, 0.057672787193973514], "MILAM": [2, 0.2553], "CORYELL": [1029, 0.043495215311004795], "MCLENNAN": [2514, 0.10045101842870992], "WILLIAMSON": [6666, 0.09244721900347612], "LAMPASAS": [247, 0.019147500000000005], "FALLS": [5, -0.39225], "ROBERTSON": [131, 0.011412820512820518], "BOSQUE": [78, 0.14708125], "LIMESTONE": [323, 0.19282142857142856], "MASON": [8, 0.18783333333333332], "RUNNELS": [1, 0.5859], "SAN SABA": [31, 0.12763124999999997], "MCCULLOCH": [27, 0.1416714285714286], "COLEMAN": [191, 0.010580000000000011], "LLANO": [26, 0.28374374999999996], "CONCHO": [16000, 0.10012670762558769], "MENARD": [72, 0.27343684210526314], "KIMBLE": [5, 0.57965], "EDWARDS": [1, -0.5423], "TOM GREEN": [16000, 0.07710485436893202], "CROCKETT": [10, 0.43179999999999996], "SUTTON": [57, 0.1780954545454545], "HARRIS": [16000, 0.13987010869565217], "FORT BEND": [1959, 0.1061095238095238], "MONTGOMERY": [965, 0.1412585831062671], "WALKER": [1177, 0.07768099467140314], "LIBERTY": [413, 0.22557903225806455], "SAN JACINTO": [284, 0.096752808988764], "GRIMES": [3327, 0.12113947721179616], "HARDIN": [10, 0.28866], "MATAGORDA": [434, 0.014927777777777776], "COLORADO": [12, 0.22387142857142855], "AUSTIN": [16000, 0.16442838283828376], "WHARTON": [219, 0.05824629629629631], "BRAZORIA": [1497, 0.06779087893864011], "WALLER": [3251, 0.04117192982456133], "WASHINGTON": [275, 0.05363958333333335], "GALVESTON": [3659, 0.0912793338380013], "ORANGE": [2179, 0.04714099244875936], "JEFFERSON": [22, -0.06670000000000001], "BRAZOS": [3925, 0.09799818731117826], "BURLESON": [683, 0.219175], "VICTORIA": [577, 0.06998619402985076], "REFUGIO": [2, -0.24355], "DE WITT": [82, 0.176855], "JACKSON": [285, 0.017629032258064524], "GOLIAD": [56, -0.0881], "CALHOUN": [29, 0.19071666666666667], "LA SALLE": [54, 0.07833666666666667], "BEXAR": [16000, 0.12608178576734536], "BANDERA": [34, 0.008922222222222222], "KENDALL": [134, 0.06130595238095237], "FRIO": [1, 0.0], "ATASCOSA": [5, 0.0], "KERR": [124, 0.08866199999999999], "LIVE OAK": [26, 0.26743333333333336], "WEBB": [1892, 0.06904009840098395], "ZAPATA": [73, 0.19753181818181817], "COMAL": [1502, 0.1090916530278231], "BEE": [166, 0.007452941176470587], "GUADALUPE": [1082, 0.1290948837209302], "KARNES": [48, 0.15661851851851855], "WILSON": [106, 0.07593958333333335], "GONZALES": [231, 0.15764523809523806], "NUECES": [4725, 0.07478357142857132], "JIM WELLS": [489, -0.030434782608695646], "SAN PATRICIO": [636, 0.13606282051282048], "KENEDY": [1, 0.0], "DUVAL": [377, 0.15715714285714283], "BROOKS": [48, -0.06342272727272727], "ARANSAS": [14, -0.12035714285714286], "JIM HOGG": [3, 0.0], "KLEBERG": [423, 0.08237604166666665], "HIDALGO": [7530, 0.08745434924787457], "CAMERON": [2264, 0.0810978947368421], "STARR": [216, 0.10343], "BASTROP": [58, 0.40425000000000005], "HAYS": [3104, 0.10419981998199808], "CALDWELL": [3083, 0.1232155339805825], "GILLESPIE": [83, 0.24562777777777786], "UVALDE": [1, 0.0], "DIMMIT": [129, 0.0642864864864865], "ZAVALA": [1, 0.0], "KINNEY": [277, 0.08813769230769232], "VAL VERDE": [3, 0.3595], "TERRELL": [7, 0.0], "MAVERICK": [713, 0.012723643410852723], "FAYETTE": [5, -0.296], "OLDHAM": [2, 0.0], "GRAY": [144, 0.2816461538461538], "WHEELER": [18, 0.20364], "LIPSCOMB": [4, 0.169], "HUTCHINSON": [54, 0.02900400000000001], "PARMER": [2, 0.4588], "POTTER": [890, 0.12487657266811275], "MOORE": [25, 0.14115882352941178], "HEMPHILL": [13, 0.36140000000000005], "RANDALL": [551, 0.16700153846153842], "HARTLEY": [17, 0.2151714285714286], "ARMSTRONG": [4, 0.7717], "HALE": [251, 0.06463611111111112], "DALLAM": [26, 0.0], "DEAF SMITH": [57, -0.04969130434782611], "CASTRO": [51, 0.044275], "LAMB": [16000, 0.12196034985422742], "OCHILTREE": [18, 0.045557142857142865], "HANSFORD": [11, 0.24695], "SWISHER": [13, -0.0016333333333333384], "COLLINGSWORTH": [8, 0.05884], "CHILDRESS": [28, -0.21973846153846155], "FLOYD": [30, 0.11555714285714287], "DONLEY": [32, 0.17282222222222224], "HALL": [16, 0.336925], "BRISCOE": [1, 0.4404], "HOCKLEY": [2406, 0.104781426056338], "TERRY": [26, 0.15077000000000002], "CROSBY": [6, 0.009124999999999994], "YOAKUM": [8, 0.04356666666666667], "BAILEY": [14, 0.06874444444444444], "LUBBOCK": [3404, 0.0723747967479675], "DAWSON": [31, 0.17521578947368424], "GAINES": [331, 0.07524374999999998], "JONES": [81, 0.11041724137931035], "NOLAN": [93, 0.08320277777777779], "TAYLOR": [1164, 0.11280065934065919], "HOWARD": [153, 0.06803389830508474], "MITCHELL": [43, -0.004168181818181822], "SCURRY": [95, 0.056688095238095225], "FISHER": [83, -0.013433333333333316], "MIDLAND": [1679, 0.06090879566982403], "MARTIN": [53, -0.017557142857142844], "ANDREWS": [19, -0.046175], "REEVES": [74, 0.050382758620689645], "WARD": [73, -0.00965], "PECOS": [103, 0.10287777777777778], "CRANE": [19, 0.15149999999999997], "JEFF DAVIS": [37, 0.15543333333333334], "BORDEN": [1, 0.0], "ECTOR": [874, 0.10525238095238099], "WINKLER": [44, 0.03508125000000001], "UPTON": [33, -0.2931], "EL PASO": [8000, 0.07891048020765735], "BREWSTER": [145, -0.02980517241379311], "HUDSPETH": [2063, 0.08701666666666669], "PRESIDIO": [183, 0.11702380952380953], "CULBERSON": [17, -0.18964999999999999]}