{"TRAVIS": [8000, -0.031869363395225454], "SHERMAN": [1, 0.0], "DALLAS": [8000, -0.054358713968958], "COLLIN": [3589, 0.01114613065326634], "DENTON": [2480, 0.05415868131868133], "GRAYSON": [114, 0.19742352941176472], "ROCKWALL": [450, 0.022985046728971954], "ELLIS": [169, 0.14576307692307694], "NAVARRO": [57, 0.10875945945945943], "VAN ZANDT": [21, 0.002500000000000026], "KAUFMAN": [105, 0.17330833333333331], "HENDERSON": [50, 0.14773636363636364], "HUNT": [70, 0.02063846153846157], "WOOD": [22, 0.38492499999999996], "LAMAR": [38, 0.22490000000000002], "RED RIVER": [2, 0.4404], "FANNIN": [35, 0.3647], "DELTA": [2, 0.32985], "HOPKINS": [53, -0.046169999999999996], "RAINS": [8, 0.0033400000000000096], "CAMP": [2, 0.26595], "TITUS": [99, 0.09704444444444443], "FRANKLIN": [15, -0.482], "BOWIE": [71, 0.102028125], "CASS": [8, -0.208875], "MARION": [1, 0.8016], "GREGG": [324, 0.08541978021978024], "PANOLA": [9, 0.373125], "UPSHUR": [47, 0.26220000000000004], "HARRISON": [205, 0.2064583333333333], "RUSK": [14, -0.14916], "SMITH": [508, 0.1356712765957447], "CHEROKEE": [110, 0.09964615384615384], "NACOGDOCHES": [176, 0.01384285714285715], "ANDERSON": [140, 0.07153636363636365], "LEON": [12, 0.346025], "HOUSTON": [8000, -0.056258766626360396], "FREESTONE": [14, 0.0815], "MADISON": [1, -0.5267], "ANGELINA": [172, 0.11142857142857143], "NEWTON": [8, -0.2648], "SABINE": [2, 0.0], "JASPER": [2, 0.0], "POLK": [13, 0.16797500000000007], "SHELBY": [1, 0.6371], "TARRANT": [8000, 0.05671210833775881], "PARKER": [201, 0.019034782608695643], "JOHNSON": [266, 0.16414285714285715], "WISE": [25, 0.24264545454545458], "HOOD": [124, -0.02205454545454546], "SOMERVELL": [6, 0.159225], "HILL": [314, 0.21948920863309362], "PALO PINTO": [11, -0.08047500000000002], "CLAY": [13, -0.07751538461538462], "MONTAGUE": [9, -0.3786], "COOKE": [13, 0.2946166666666667], "WICHITA": [422, 0.09111509433962264], "ARCHER": [15, -0.091], "WILBARGER": [6, 0.404775], "YOUNG": [7, 0.0], "BAYLOR": [2, -0.15635000000000002], "HASKELL": [4, 0.29500000000000004], "ERATH": [19, 0.012281250000000007], "JACK": [6, 0.0], "SHACKELFORD": [9, 0.39337500000000003], "BROWN": [123, 0.15747727272727274], "EASTLAND": [74, 0.03246], "HAMILTON": [7, 0.0], "COMANCHE": [2, -0.7887], "CALLAHAN": [9, 0.34299999999999997], "BELL": [675, 0.011966666666666707], "MILAM": [3, -0.18076666666666666], "CORYELL": [119, 0.09145555555555555], "MCLENNAN": [412, 0.05326080402010049], "WILLIAMSON": [2194, 0.08630604651162792], "LAMPASAS": [186, -0.0793], "FALLS": [1, 0.6808], "ROBERTSON": [4, 0.3612], "BOSQUE": [14, 0.22599999999999998], "LIMESTONE": [28, -0.49269999999999997], "MASON": [3, 0.0], "RUNNELS": [2, -0.5574], "SAN SABA": [7, -0.32948], "MCCULLOCH": [6, 0.2023], "COLEMAN": [116, 0.0], "LLANO": [7, 0.07110000000000001], "CONCHO": [8000, -0.007690257352941181], "MENARD": [3, 0.06890000000000002], "MILLS": [1, 0.0], "KIMBLE": [10, -0.54695], "EDWARDS": [1, 0.694], "TOM GREEN": [8000, -0.07701538461538461], "SUTTON": [7, -0.2526], "HARRIS": [8000, -0.0809342105263158], "FORT BEND": [1143, 0.015323809523809516], "MONTGOMERY": [1092, -0.03843833333333331], "WALKER": [106, 0.0942530864197531], "LIBERTY": [173, -0.053153846153846156], "SAN JACINTO": [25, 0.49037142857142857], "GRIMES": [580, 0.038189629629629636], "HARDIN": [99, 0.048366666666666634], "MATAGORDA": [133, 0.05543333333333334], "COLORADO": [3, 0.5994], "AUSTIN": [8000, -0.12013655913978495], "WHARTON": [21, 0.03182499999999999], "BRAZORIA": [354, 0.02676632653061224], "WALLER": [352, -0.00933939393939393], "WASHINGTON": [24, 0.06865555555555553], "GALVESTON": [1149, 0.04932598425196849], "ORANGE": [440, 0.06595348837209304], "JEFFERSON": [18, -0.19316000000000003], "BRAZOS": [865, 0.017364367816091943], "BURLESON": [9, 0.8816], "LEE": [42, 0.26665], "VICTORIA": [78, 0.13225151515151515], "REFUGIO": [2, 0.2997], "DE WITT": [1, -0.6684], "LAVACA": [2, 0.0], "CALHOUN": [8, 0.17112000000000002], "BEXAR": [8000, 0.012457626310772157], "BANDERA": [19, -0.4201], "KENDALL": [95, 0.07427000000000002], "FRIO": [20, -0.06113333333333334], "ATASCOSA": [32, 0.326775], "MEDINA": [25, 0.13686666666666666], "KERR": [63, 0.07182666666666666], "LIVE OAK": [1, 0.9674], "WEBB": [301, -0.0022480769230769125], "ZAPATA": [11, 0.0047], "COMAL": [310, 0.0710671052631579], "BEE": [13, 0.014625000000000011], "GUADALUPE": [423, 0.20007343749999998], "KARNES": [2, -0.254], "WILSON": [33, 0.06708], "GONZALES": [21, -0.25], "NUECES": [1397, 0.08887232558139535], "JIM WELLS": [86, -0.57865], "SAN PATRICIO": [233, 0.06530588235294117], "BROOKS": [2, -0.32985], "KLEBERG": [66, 0.102915], "HIDALGO": [1681, 0.03786408839779006], "CAMERON": [946, 0.03536724137931037], "BASTROP": [195, 0.23395384615384612], "BURNET": [5, -0.51635], "BLANCO": [20, 0.0], "HAYS": [632, -0.15105652173913042], "CALDWELL": [455, 0.07466625000000002], "GILLESPIE": [20, 0.14988749999999998], "UVALDE": [7, -0.15415], "DIMMIT": [6, -0.4442], "KINNEY": [75, -0.016388235294117648], "MAVERICK": [28, -0.10556923076923078], "FAYETTE": [32, -0.3630333333333334], "GRAY": [105, -0.33373333333333327], "WHEELER": [1, 0.4588], "HUTCHINSON": [6, 0.434], "PARMER": [1, 0.5248], "POTTER": [319, 0.08120438596491227], "MOORE": [13, -0.063], "HEMPHILL": [2, -0.4215], "RANDALL": [58, -0.025852173913043484], "HARTLEY": [6, 0.5003333333333333], "HALE": [31, 0.145965], "DEAF SMITH": [14, 0.19654], "LAMB": [158, 0.009130999999999997], "OCHILTREE": [3, 0.6249], "CARSON": [5, 0.157325], "SWISHER": [10, 0.3072], "CHILDRESS": [38, -0.23695999999999998], "COTTLE": [1, 0.6688], "DONLEY": [1, 0.0], "HOCKLEY": [875, 0.07111762452107277], "TERRY": [1, -0.2714], "BAILEY": [2, 0.31845], "LUBBOCK": [1117, 0.12218027210884357], "DAWSON": [2, -0.35385], "GAINES": [12, 0.1888888888888889], "STONEWALL": [3, 0.0], "NOLAN": [13, 0.27773000000000003], "TAYLOR": [508, 0.1981366972477064], "HOWARD": [25, 0.45665], "MITCHELL": [6, -0.21075], "SCURRY": [8, 0.2087714285714286], "FISHER": [10, 0.05035], "MIDLAND": [564, 0.14059161290322578], "ANDREWS": [9, -0.268], "REEVES": [17, -0.10258571428571428], "WARD": [10, -0.295825], "PECOS": [7, 0.0], "CRANE": [5, -0.419], "ECTOR": [231, 0.059055555555555556], "WINKLER": [16, 0.05188333333333334], "UPTON": [6, 0.6597], "EL PASO": [2105, -0.00022862903225807167], "BREWSTER": [79, 0.04890833333333334], "HUDSPETH": [80, 0.4926], "PRESIDIO": [56, -0.27115]}