{"TRAVIS": [101, 0.0628191011235955], "DALLAS": [101, -0.007413253012048187], "COLLIN": [42, 0.1241516129032258], "DENTON": [93, 0.11888], "GRAYSON": [6, -0.020700000000000003], "ELLIS": [94, 0.007621428571428574], "NAVARRO": [4, -0.148], "VAN ZANDT": [3, 0.0], "KAUFMAN": [16, 0.05677], "HENDERSON": [3, 0.0], "HUNT": [5, 0.2851666666666667], "LAMAR": [12, -0.1012], "FANNIN": [2, 0.0], "BOWIE": [3, -0.20095], "CASS": [8, 0.100075], "GREGG": [8, -0.288725], "PANOLA": [6, 0.03220000000000002], "RUSK": [2, -0.85], "SMITH": [14, 0.20746666666666666], "NACOGDOCHES": [8, 0.06735000000000001], "ANDERSON": [17, 0.02504444444444444], "LEON": [2, 0.3182], "HOUSTON": [101, -0.006644318181818187], "FREESTONE": [2, -0.7096], "ANGELINA": [8, 0.0], "NEWTON": [6, 0.224475], "POLK": [56, 0.07649230769230768], "SHELBY": [4, -0.34], "TARRANT": [101, 0.026454651162790704], "PARKER": [7, 0.2314], "JOHNSON": [94, -0.20928], "WISE": [5, 0.09046666666666665], "HILL": [27, -4.2105263157884255e-05], "CLAY": [101, -0.10470857142857141], "COOKE": [4, -0.010299999999999976], "WICHITA": [13, 0.21352222222222222], "ERATH": [3, 0.0], "BROWN": [7, 0.05365000000000002], "HAMILTON": [2, -0.5106], "HUDSPETH": [8, 0.13484], "GONZALES": [5, -0.2273], "ANDREWS": [3, 0.0], "MATAGORDA": [6, 0.3862666666666667], "GALVESTON": [29, -0.03510000000000002], "BLANCO": [2, 0.0], "ZAVALA": [2, 0.0], "STONEWALL": [2, 0.743], "ORANGE": [7, -0.0965], "MCLENNAN": [17, 0.18280000000000002], "MILAM": [2, 0.0], "KINNEY": [2, 0.0], "CHAMBERS": [59, -0.11795263157894736], "EL PASO": [101, -0.0005617283950617323], "JEFFERSON": [6, 0.0], "POTTER": [5, -0.24162499999999998], "VICTORIA": [3, 0.0], "HALE": [2, 0.0], "LIBERTY": [19, 0.07486], "WHARTON": [2, 0.0], "SAN PATRICIO": [36, -0.023492], "HOWARD": [2, -0.3818], "DONLEY": [2, 0.0], "COLORADO": [5, 0.3548], "KLEBERG": [3, -0.05215], "WILLACY": [2, -0.3182], "LEE": [4, -0.1338], "CAMERON": [20, 0.06513333333333333], "MONTGOMERY": [101, -0.017188749999999992], "LAMB": [33, 0.1790625], "LUBBOCK": [25, -0.02287368421052631], "COKE": [2, 0.0], "FRIO": [2, 0.0], "TERRY": [8, 0.19237142857142858], "OCHILTREE": [2, 0.2732], "TOM GREEN": [23, 0.00532], "FISHER": [4, 0.0], "COMAL": [31, 0.06906000000000001], "YOAKUM": [3, 0.3612], "HUTCHINSON": [2, -0.2732], "GRAY": [6, -0.020700000000000003], "GRIMES": [31, 0.13287391304347826], "KERR": [5, 0.6408], "TAYLOR": [11, 0.281575], "BAILEY": [2, -0.5574], "ATASCOSA": [4, 0.0], "FORT BEND": [28, -0.12704347826086956], "WILLIAMSON": [34, 0.01614583333333333], "BOSQUE": [2, -0.5106], "COLEMAN": [6, -0.09866666666666667], "WINKLER": [2, 0.0], "LAMPASAS": [4, 0.4497], "RUNNELS": [2, 0.0], "MAVERICK": [2, 0.0], "CORYELL": [25, -0.28959999999999997], "ECTOR": [7, 0.27224], "NUECES": [35, -0.022588461538461536], "WEBB": [12, -0.0970875], "GILLESPIE": [3, 0.28595], "LYNN": [2, 0.0], "BRAZORIA": [8, 0.42596], "WALLER": [60, -0.11311538461538458], "BELL": [33, 0.18751999999999996], "GUADALUPE": [9, 0.1288625], "BASTROP": [8, 0.27035], "FAYETTE": [4, 0.3548], "MIDLAND": [22, -0.10584545454545456], "BEXAR": [101, 0.12233764705882352], "BANDERA": [63, 0.07228857142857142], "HARRIS": [101, 0.0203909090909091], "FALLS": [3, -0.2294], "CONCHO": [18, 0.082], "MARTIN": [2, 0.765], "RANDALL": [3, -0.49060000000000004], "PECOS": [2, 0.0], "HIDALGO": [82, 0.0331079365079365], "WHEELER": [2, 0.0], "STARR": [42, 0.0], "HAYS": [35, 0.07622142857142858], "AUSTIN": [3, 0.3454], "GAINES": [6, 0.213775], "SAN JACINTO": [2, 0.6602], "WALKER": [101, 0.10041803278688523], "KING": [2, 0.743], "CALDWELL": [32, 0.026680000000000002], "BRAZOS": [40, 0.11474230769230769]}