{"SHEBOYGAN": [13, 0.04545], "WASHINGTON": [5, 0.06412499999999999], "DODGE": [3, 0.40525], "OZAUKEE": [5, 0.100075], "WAUKESHA": [29, 0.20503846153846153], "FOND DU LAC": [4, 0.41006666666666663], "MANITOWOC": [9, 0.0], "KENOSHA": [2, 0.4939], "RACINE": [23, 0.22882666666666665], "MILWAUKEE": [301, 0.13637851239669413], "WALWORTH": [3, 0.60065], "ROCK": [14, 0.12083636363636363], "GREEN": [54, 0.21219069767441862], "IOWA": [3, 0.0], "DANE": [180, 0.1928555555555556], "GRANT": [2, 0.7027], "RICHLAND": [14, 0.08046153846153845], "COLUMBIA": [2, 0.1531], "SAUK": [4, 0.013566666666666652], "SAINT CROIX": [3, 0.26854999999999996], "OCONTO": [2, -0.128], "OUTAGAMIE": [13, 0.12360000000000002], "SHAWANO": [17, 0.07655], "DOOR": [3, 0.29295], "MARATHON": [22, 0.09053], "WOOD": [3, 0.1806], "PORTAGE": [9, 0.56216], "LANGLADE": [2, 0.6627], "TAYLOR": [2, 0.0], "IRON": [3, 0.0], "RUSK": [6, -0.1531], "LA CROSSE": [10, 0.07636250000000001], "BUFFALO": [2, 0.4215], "TREMPEALEAU": [2, 0.0], "MONROE": [3, 0.21075], "VERNON": [6, 0.28626666666666667], "EAU CLAIRE": [24, 0.2050727272727273], "PEPIN": [2, 0.0], "DUNN": [3, 0.0847], "DOUGLAS": [2, 0.7269], "WINNEBAGO": [12, 0.20546666666666666], "WAUPACA": [8, 0.09878]}