{"LARAMIE": [19, 0.08744375], "ALBANY": [21, 0.19044999999999998], "PARK": [11, 0.17309999999999998], "GOSHEN": [17, 0.4190666666666667], "CONVERSE": [2, 0.6369], "FREMONT": [13, 0.16335], "SWEETWATER": [8, 0.28166], "WASHAKIE": [4, 0.5719], "BIG HORN": [5, 0.4588], "NATRONA": [51, 0.18883999999999998], "JOHNSON": [3, 0.4753], "CAMPBELL": [3, 0.32985], "SHERIDAN": [6, -0.013433333333333334], "SUBLETTE": [2, -0.9423], "TETON": [12, 0.0831], "LINCOLN": [2, 0.1531]}